[{"fields": {"model": "logentry", "app_label": "admin"}, "model": "contenttypes.contenttype", "pk": 1}, {"fields": {"model": "permission", "app_label": "auth"}, "model": "contenttypes.contenttype", "pk": 2}, {"fields": {"model": "group", "app_label": "auth"}, "model": "contenttypes.contenttype", "pk": 3}, {"fields": {"model": "user", "app_label": "auth"}, "model": "contenttypes.contenttype", "pk": 4}, {"fields": {"model": "contenttype", "app_label": "contenttypes"}, "model": "contenttypes.contenttype", "pk": 5}, {"fields": {"model": "session", "app_label": "sessions"}, "model": "contenttypes.contenttype", "pk": 6}, {"fields": {"model": "site", "app_label": "syscfg"}, "model": "contenttypes.contenttype", "pk": 7}, {"fields": {"model": "module", "app_label": "syscfg"}, "model": "contenttypes.contenttype", "pk": 8}, {"fields": {"model": "menu", "app_label": "syscfg"}, "model": "contenttypes.contenttype", "pk": 9}, {"fields": {"model": "role", "app_label": "syscfg"}, "model": "contenttypes.contenttype", "pk": 10}, {"fields": {"model": "valuelist", "app_label": "basedata"}, "model": "contenttypes.contenttype", "pk": 11}, {"fields": {"model": "valuelistitem", "app_label": "basedata"}, "model": "contenttypes.contenttype", "pk": 12}, {"fields": {"model": "address", "app_label": "basedata"}, "model": "contenttypes.contenttype", "pk": 13}, {"fields": {"model": "partner", "app_label": "basedata"}, "model": "contenttypes.contenttype", "pk": 14}, {"fields": {"model": "bankaccount", "app_label": "basedata"}, "model": "contenttypes.contenttype", "pk": 15}, {"fields": {"model": "organization", "app_label": "organ"}, "model": "contenttypes.contenttype", "pk": 16}, {"fields": {"model": "orgunit", "app_label": "organ"}, "model": "contenttypes.contenttype", "pk": 17}, {"fields": {"model": "position", "app_label": "organ"}, "model": "contenttypes.contenttype", "pk": 18}, {"fields": {"model": "project", "app_label": "basedata"}, "model": "contenttypes.contenttype", "pk": 19}, {"fields": {"model": "warehouse", "app_label": "basedata"}, "model": "contenttypes.contenttype", "pk": 20}, {"fields": {"model": "measure", "app_label": "basedata"}, "model": "contenttypes.contenttype", "pk": 21}, {"fields": {"model": "trade", "app_label": "basedata"}, "model": "contenttypes.contenttype", "pk": 22}, {"fields": {"model": "brand", "app_label": "basedata"}, "model": "contenttypes.contenttype", "pk": 23}, {"fields": {"model": "category", "app_label": "basedata"}, "model": "contenttypes.contenttype", "pk": 24}, {"fields": {"model": "technicalparametername", "app_label": "basedata"}, "model": "contenttypes.contenttype", "pk": 25}, {"fields": {"model": "technicalparametervalue", "app_label": "basedata"}, "model": "contenttypes.contenttype", "pk": 26}, {"fields": {"model": "material", "app_label": "basedata"}, "model": "contenttypes.contenttype", "pk": 27}, {"fields": {"model": "materialparam", "app_label": "basedata"}, "model": "contenttypes.contenttype", "pk": 28}, {"fields": {"model": "expenseaccount", "app_label": "basedata"}, "model": "contenttypes.contenttype", "pk": 29}, {"fields": {"model": "employee", "app_label": "basedata"}, "model": "contenttypes.contenttype", "pk": 30}, {"fields": {"model": "family", "app_label": "basedata"}, "model": "contenttypes.contenttype", "pk": 31}, {"fields": {"model": "education", "app_label": "basedata"}, "model": "contenttypes.contenttype", "pk": 32}, {"fields": {"model": "workexperience", "app_label": "basedata"}, "model": "contenttypes.contenttype", "pk": 33}, {"fields": {"model": "modal", "app_label": "workflow"}, "model": "contenttypes.contenttype", "pk": 34}, {"fields": {"model": "node", "app_label": "workflow"}, "model": "contenttypes.contenttype", "pk": 35}, {"fields": {"model": "instance", "app_label": "workflow"}, "model": "contenttypes.contenttype", "pk": 36}, {"fields": {"model": "history", "app_label": "workflow"}, "model": "contenttypes.contenttype", "pk": 37}, {"fields": {"model": "todolist", "app_label": "workflow"}, "model": "contenttypes.contenttype", "pk": 38}, {"fields": {"model": "extraparam", "app_label": "basedata"}, "model": "contenttypes.contenttype", "pk": 39}, {"fields": {"model": "workorder", "app_label": "selfhelp"}, "model": "contenttypes.contenttype", "pk": 40}, {"fields": {"model": "woextravalue", "app_label": "selfhelp"}, "model": "contenttypes.contenttype", "pk": 41}, {"fields": {"model": "woitem", "app_label": "selfhelp"}, "model": "contenttypes.contenttype", "pk": 42}, {"fields": {"model": "loan", "app_label": "selfhelp"}, "model": "contenttypes.contenttype", "pk": 43}, {"fields": {"model": "reimbursement", "app_label": "selfhelp"}, "model": "contenttypes.contenttype", "pk": 44}, {"fields": {"model": "reimbursementitem", "app_label": "selfhelp"}, "model": "contenttypes.contenttype", "pk": 45}, {"fields": {"model": "salaryitem", "app_label": "hr"}, "model": "contenttypes.contenttype", "pk": 46}, {"fields": {"model": "entry", "app_label": "hr"}, "model": "contenttypes.contenttype", "pk": 47}, {"fields": {"model": "employeesalaryitem", "app_label": "hr"}, "model": "contenttypes.contenttype", "pk": 48}, {"fields": {"model": "transfer", "app_label": "hr"}, "model": "contenttypes.contenttype", "pk": 49}, {"fields": {"model": "departure", "app_label": "hr"}, "model": "contenttypes.contenttype", "pk": 50}, {"fields": {"model": "inventory", "app_label": "invent"}, "model": "contenttypes.contenttype", "pk": 51}, {"fields": {"model": "initialinventory", "app_label": "invent"}, "model": "contenttypes.contenttype", "pk": 52}, {"fields": {"model": "stockin", "app_label": "invent"}, "model": "contenttypes.contenttype", "pk": 53}, {"fields": {"model": "stockout", "app_label": "invent"}, "model": "contenttypes.contenttype", "pk": 54}, {"fields": {"model": "inoutdetail", "app_label": "invent"}, "model": "contenttypes.contenttype", "pk": 55}, {"fields": {"model": "inititem", "app_label": "invent"}, "model": "contenttypes.contenttype", "pk": 56}, {"fields": {"model": "initem", "app_label": "invent"}, "model": "contenttypes.contenttype", "pk": 57}, {"fields": {"model": "outitem", "app_label": "invent"}, "model": "contenttypes.contenttype", "pk": 58}, {"fields": {"model": "purchaseorder", "app_label": "purchase"}, "model": "contenttypes.contenttype", "pk": 59}, {"fields": {"model": "poitem", "app_label": "purchase"}, "model": "contenttypes.contenttype", "pk": 60}, {"fields": {"model": "invoice", "app_label": "purchase"}, "model": "contenttypes.contenttype", "pk": 61}, {"fields": {"model": "payment", "app_label": "purchase"}, "model": "contenttypes.contenttype", "pk": 62}, {"fields": {"model": "activity", "app_label": "selfhelp"}, "model": "contenttypes.contenttype", "pk": 63}, {"fields": {"model": "feedback", "app_label": "selfhelp"}, "model": "contenttypes.contenttype", "pk": 64}, {"fields": {"model": "enroll", "app_label": "selfhelp"}, "model": "contenttypes.contenttype", "pk": 65}, {"fields": {"model": "saleorder", "app_label": "sale"}, "model": "contenttypes.contenttype", "pk": 66}, {"fields": {"model": "saleitem", "app_label": "sale"}, "model": "contenttypes.contenttype", "pk": 67}, {"fields": {"model": "paymentcollection", "app_label": "sale"}, "model": "contenttypes.contenttype", "pk": 68}, {"fields": {"model": "offersheet", "app_label": "sale"}, "model": "contenttypes.contenttype", "pk": 69}, {"fields": {"model": "offeritem", "app_label": "sale"}, "model": "contenttypes.contenttype", "pk": 70}, {"fields": {"model": "warereturn", "app_label": "invent"}, "model": "contenttypes.contenttype", "pk": 71}, {"fields": {"model": "returnitem", "app_label": "invent"}, "model": "contenttypes.contenttype", "pk": 72}, {"fields": {"model": "wareadjust", "app_label": "invent"}, "model": "contenttypes.contenttype", "pk": 73}, {"fields": {"model": "adjustitem", "app_label": "invent"}, "model": "contenttypes.contenttype", "pk": 74}, {"fields": {"model": "dataimport", "app_label": "basedata"}, "model": "contenttypes.contenttype", "pk": 75}, {"fields": {"model": "document", "app_label": "basedata"}, "model": "contenttypes.contenttype", "pk": 76}, {"fields": {"expire_date": "2016-12-26T16:36:42", "session_data": "YjhkY2E2M2E2NmI1MTgyNzRiMGRiZDA0OTEwNGYzZGZkOGM2YWQ2Yzp7Il9hdXRoX3VzZXJfaGFzaCI6IjJmMGRiMzBhNmE3OTJhMmU0MjEzNzRhOGY4ZmVkNmQ4M2JiNDNhY2UiLCJfYXV0aF91c2VyX2JhY2tlbmQiOiJkamFuZ28uY29udHJpYi5hdXRoLmJhY2tlbmRzLk1vZGVsQmFja2VuZCIsIl9hdXRoX3VzZXJfaWQiOiIxOCJ9"}, "model": "sessions.session", "pk": "17ile6duqynvsviy80h24wmhilmtpjt2"}, {"fields": {"expire_date": "2015-05-16T08:18:20", "session_data": "OGEyMjM1MDM3YmU1ZmE4NjYxNmIzOWE5MTY3NjYzZjhhNDUyMWQxMDp7Il9hdXRoX3VzZXJfaGFzaCI6IjUzODFkNDg2MjM0YTlmMTQ0YjBkM2Y4ZWY4NWNmMDZlMmRkYjE1MWMiLCJfYXV0aF91c2VyX2JhY2tlbmQiOiJkamFuZ28uY29udHJpYi5hdXRoLmJhY2tlbmRzLk1vZGVsQmFja2VuZCIsIl9hdXRoX3VzZXJfaWQiOiIxIn0="}, "model": "sessions.session", "pk": "2rdw4agh630yjfqhy14jie3dgzhi8v8i"}, {"fields": {"expire_date": "2015-06-24T20:54:54", "session_data": "OGEyMjM1MDM3YmU1ZmE4NjYxNmIzOWE5MTY3NjYzZjhhNDUyMWQxMDp7Il9hdXRoX3VzZXJfaGFzaCI6IjUzODFkNDg2MjM0YTlmMTQ0YjBkM2Y4ZWY4NWNmMDZlMmRkYjE1MWMiLCJfYXV0aF91c2VyX2JhY2tlbmQiOiJkamFuZ28uY29udHJpYi5hdXRoLmJhY2tlbmRzLk1vZGVsQmFja2VuZCIsIl9hdXRoX3VzZXJfaWQiOiIxIn0="}, "model": "sessions.session", "pk": "9yr00u8rvtplvssvra5nkw29ykbs9cxo"}, {"fields": {"expire_date": "2015-05-15T07:39:11", "session_data": "OGEyMjM1MDM3YmU1ZmE4NjYxNmIzOWE5MTY3NjYzZjhhNDUyMWQxMDp7Il9hdXRoX3VzZXJfaGFzaCI6IjUzODFkNDg2MjM0YTlmMTQ0YjBkM2Y4ZWY4NWNmMDZlMmRkYjE1MWMiLCJfYXV0aF91c2VyX2JhY2tlbmQiOiJkamFuZ28uY29udHJpYi5hdXRoLmJhY2tlbmRzLk1vZGVsQmFja2VuZCIsIl9hdXRoX3VzZXJfaWQiOiIxIn0="}, "model": "sessions.session", "pk": "bffad131mfdzd3ti0eat4ixwbaedqqfn"}, {"fields": {"expire_date": "2016-12-26T16:40:00", "session_data": "YjhkY2E2M2E2NmI1MTgyNzRiMGRiZDA0OTEwNGYzZGZkOGM2YWQ2Yzp7Il9hdXRoX3VzZXJfaGFzaCI6IjJmMGRiMzBhNmE3OTJhMmU0MjEzNzRhOGY4ZmVkNmQ4M2JiNDNhY2UiLCJfYXV0aF91c2VyX2JhY2tlbmQiOiJkamFuZ28uY29udHJpYi5hdXRoLmJhY2tlbmRzLk1vZGVsQmFja2VuZCIsIl9hdXRoX3VzZXJfaWQiOiIxOCJ9"}, "model": "sessions.session", "pk": "g9hlha53axo9zovdl92poga4qm32ai7a"}, {"fields": {"expire_date": "2016-12-30T16:49:26", "session_data": "YjhkY2E2M2E2NmI1MTgyNzRiMGRiZDA0OTEwNGYzZGZkOGM2YWQ2Yzp7Il9hdXRoX3VzZXJfaGFzaCI6IjJmMGRiMzBhNmE3OTJhMmU0MjEzNzRhOGY4ZmVkNmQ4M2JiNDNhY2UiLCJfYXV0aF91c2VyX2JhY2tlbmQiOiJkamFuZ28uY29udHJpYi5hdXRoLmJhY2tlbmRzLk1vZGVsQmFja2VuZCIsIl9hdXRoX3VzZXJfaWQiOiIxOCJ9"}, "model": "sessions.session", "pk": "nfgk3scwil4kwmji16tgndtd5jiwwr5u"}, {"fields": {"expire_date": "2016-12-26T16:40:42", "session_data": "YjhkY2E2M2E2NmI1MTgyNzRiMGRiZDA0OTEwNGYzZGZkOGM2YWQ2Yzp7Il9hdXRoX3VzZXJfaGFzaCI6IjJmMGRiMzBhNmE3OTJhMmU0MjEzNzRhOGY4ZmVkNmQ4M2JiNDNhY2UiLCJfYXV0aF91c2VyX2JhY2tlbmQiOiJkamFuZ28uY29udHJpYi5hdXRoLmJhY2tlbmRzLk1vZGVsQmFja2VuZCIsIl9hdXRoX3VzZXJfaWQiOiIxOCJ9"}, "model": "sessions.session", "pk": "q2fcysixlzbwbtr8eegx7taym88amns4"}, {"fields": {"expire_date": "2016-12-26T17:25:03", "session_data": "YjhkY2E2M2E2NmI1MTgyNzRiMGRiZDA0OTEwNGYzZGZkOGM2YWQ2Yzp7Il9hdXRoX3VzZXJfaGFzaCI6IjJmMGRiMzBhNmE3OTJhMmU0MjEzNzRhOGY4ZmVkNmQ4M2JiNDNhY2UiLCJfYXV0aF91c2VyX2JhY2tlbmQiOiJkamFuZ28uY29udHJpYi5hdXRoLmJhY2tlbmRzLk1vZGVsQmFja2VuZCIsIl9hdXRoX3VzZXJfaWQiOiIxOCJ9"}, "model": "sessions.session", "pk": "vl6dcz0evf3p3w03sk3yhd0hbbb39unp"}, {"fields": {"parent": null, "status": true, "begin": "2015-05-01", "code": "U001", "end": "9999-12-31", "name": "\u7cfb\u7edf\u7ba1\u7406", "weight": 99, "creator": "zhugl", "url": "", "creation": "2015-05-01T07:30:01", "modification": "2015-05-01T07:30:01", "modifier": null, "icon": ""}, "model": "syscfg.module", "pk": 1}, {"fields": {"parent": null, "status": true, "begin": "2015-05-01", "code": "U002", "end": "9999-12-31", "name": "\u57fa\u7840\u6570\u636e", "weight": 99, "creator": "zhugl", "url": "", "creation": "2015-05-01T07:51:45", "modification": "2015-05-01T07:51:45", "modifier": null, "icon": ""}, "model": "syscfg.module", "pk": 2}, {"fields": {"parent": null, "status": true, "begin": "2015-05-24", "code": "HR", "end": "9999-12-31", "name": "\u4eba\u529b\u8d44\u6e90", "weight": 99, "creator": "zhugl", "url": "", "creation": "2015-05-24T20:02:43", "modification": "2015-05-24T20:02:43", "modifier": null, "icon": ""}, "model": "syscfg.module", "pk": 3}, {"fields": {"parent": null, "status": true, "begin": "2015-05-24", "code": "U004", "end": "9999-12-31", "name": "\u4e2a\u4eba\u81ea\u52a9", "weight": 99, "creator": "zhugl", "url": "", "creation": "2015-05-24T20:07:15", "modification": "2015-05-24T20:07:15", "modifier": null, "icon": ""}, "model": "syscfg.module", "pk": 4}, {"fields": {"parent": null, "status": true, "begin": "2015-06-03", "code": "U005", "end": "9999-12-31", "name": "\u91c7\u8d2d\u7ba1\u7406", "weight": 99, "creator": "zhugl", "url": "", "creation": "2015-06-03T20:00:04", "modification": "2015-06-03T20:00:04", "modifier": null, "icon": ""}, "model": "syscfg.module", "pk": 5}, {"fields": {"parent": null, "status": true, "begin": "2015-06-14", "code": "SA", "end": "9999-12-31", "name": "\u9500\u552e\u7ba1\u7406", "weight": 99, "creator": "zhugl", "url": "", "creation": "2015-06-14T11:08:29", "modification": "2015-06-14T11:08:29", "modifier": null, "icon": ""}, "model": "syscfg.module", "pk": 6}, {"fields": {"status": true, "begin": "2015-05-01", "code": "M001", "end": "9999-12-31", "name": "\u6a21\u5757\u7ba1\u7406", "weight": 99, "creator": "zhugl", "url": "", "creation": "2015-05-01T07:30:19", "module": 1, "modification": "2015-05-01T07:30:19", "modifier": null, "icon": ""}, "model": "syscfg.menu", "pk": 1}, {"fields": {"status": true, "begin": "2015-05-01", "code": "M002", "end": "9999-12-31", "name": "\u83dc\u5355\u7ba1\u7406", "weight": 99, "creator": "zhugl", "url": "", "creation": "2015-05-01T07:30:32", "module": 1, "modification": "2015-05-01T07:30:32", "modifier": null, "icon": ""}, "model": "syscfg.menu", "pk": 2}, {"fields": {"status": true, "begin": "2015-05-01", "code": "M003", "end": "9999-12-31", "name": "\u89d2\u8272\u7ba1\u7406", "weight": 99, "creator": "zhugl", "url": "", "creation": "2015-05-01T07:52:20", "module": 1, "modification": "2015-05-01T07:52:20", "modifier": null, "icon": ""}, "model": "syscfg.menu", "pk": 3}, {"fields": {"status": true, "group_code": "S011", "code": "01", "group": 11, "name": "\u9001\u8d27\u5730\u5740", "weight": 9}, "model": "basedata.valuelistitem", "pk": 13}, {"fields": {"status": true, "group_code": "S011", "code": "02", "group": 11, "name": "\u53d1\u7968\u5730\u5740", "weight": 9}, "model": "basedata.valuelistitem", "pk": 14}, {"fields": {"status": true, "group_code": "S011", "code": "03", "group": 11, "name": "\u4e34\u65f6\u5730\u5740", "weight": 9}, "model": "basedata.valuelistitem", "pk": 15}, {"fields": {"status": false, "group_code": "S011", "code": "04", "group": 11, "name": "\u5bb6\u5ead\u5730\u5740", "weight": 9}, "model": "basedata.valuelistitem", "pk": 16}, {"fields": {"status": true, "group_code": "S012", "code": "00", "group": 12, "name": "\u8ddf\u8e2a/\u65b0\u5efa", "weight": 1}, "model": "basedata.valuelistitem", "pk": 17}, {"fields": {"status": true, "group_code": "S012", "code": "01", "group": 12, "name": "\u6295\u6807/\u62a5\u4ef7", "weight": 2}, "model": "basedata.valuelistitem", "pk": 18}, {"fields": {"status": true, "group_code": "S012", "code": "02", "group": 12, "name": "\u7b7e\u8ba2\u5408\u540c", "weight": 3}, "model": "basedata.valuelistitem", "pk": 19}, {"fields": {"status": true, "group_code": "S012", "code": "03", "group": 12, "name": "\u751f\u4ea7/\u4ea4\u4ed8", "weight": 4}, "model": "basedata.valuelistitem", "pk": 20}, {"fields": {"status": true, "group_code": "S012", "code": "04", "group": 12, "name": "\u9a8c\u6536/\u56de\u6b3e", "weight": 5}, "model": "basedata.valuelistitem", "pk": 21}, {"fields": {"status": true, "group_code": "S012", "code": "99", "group": 12, "name": "\u5173\u95ed", "weight": 6}, "model": "basedata.valuelistitem", "pk": 22}, {"fields": {"status": true, "group_code": "S013", "code": "00", "group": 13, "name": "\u4ea7\u54c1/\u670d\u52a1\u4ea4\u4ed8\u7c7b", "weight": 9}, "model": "basedata.valuelistitem", "pk": 23}, {"fields": {"status": true, "group_code": "S013", "code": "10", "group": 13, "name": "\u6280\u672f/\u8bbe\u5907\u6539\u9020\u7c7b", "weight": 9}, "model": "basedata.valuelistitem", "pk": 24}, {"fields": {"status": true, "group_code": "S013", "code": "20", "group": 13, "name": "\u5185\u90e8\u8fd0\u8425\u7c7b", "weight": 9}, "model": "basedata.valuelistitem", "pk": 25}, {"fields": {"status": true, "group_code": "S013", "code": "40", "group": 13, "name": "\u5176\u4ed6\u4e34\u65f6\u9879\u76ee", "weight": 9}, "model": "basedata.valuelistitem", "pk": 26}, {"fields": {"status": true, "group_code": "S014", "code": "A", "group": 14, "name": "\u7ba1\u7406/\u884c\u653f\u7c7b", "weight": 9}, "model": "basedata.valuelistitem", "pk": 27}, {"fields": {"status": true, "group_code": "S014", "code": "S", "group": 14, "name": "\u8425\u9500/\u5e02\u573a\u7c7b", "weight": 9}, "model": "basedata.valuelistitem", "pk": 28}, {"fields": {"status": true, "group_code": "S014", "code": "T", "group": 14, "name": "\u6280\u672f/\u7814\u53d1\u7c7b", "weight": 9}, "model": "basedata.valuelistitem", "pk": 29}, {"fields": {"status": true, "group_code": "S014", "code": "P", "group": 14, "name": "\u751f\u4ea7/\u64cd\u4f5c\u7c7b", "weight": 9}, "model": "basedata.valuelistitem", "pk": 30}, {"fields": {"status": true, "group_code": "S015", "code": "01", "group": 15, "name": "\u5458\u7ea7", "weight": 9}, "model": "basedata.valuelistitem", "pk": 31}, {"fields": {"status": true, "group_code": "S015", "code": "02", "group": 15, "name": "\u521d\u7ea7", "weight": 9}, "model": "basedata.valuelistitem", "pk": 32}, {"fields": {"status": true, "group_code": "S015", "code": "03", "group": 15, "name": "\u4e2d\u7ea7", "weight": 9}, "model": "basedata.valuelistitem", "pk": 33}, {"fields": {"status": true, "group_code": "S015", "code": "04", "group": 15, "name": "\u9ad8\u7ea7", "weight": 9}, "model": "basedata.valuelistitem", "pk": 34}, {"fields": {"status": true, "group_code": "S015", "code": "05", "group": 15, "name": "\u4e13\u5bb6", "weight": 9}, "model": "basedata.valuelistitem", "pk": 35}, {"fields": {"status": true, "group_code": "S016", "code": "10", "group": 16, "name": "\u5728\u5c97\u5de5\u4f5c", "weight": 9}, "model": "basedata.valuelistitem", "pk": 36}, {"fields": {"status": true, "group_code": "S016", "code": "11", "group": 16, "name": "\u89c1\u4e60\u671f\uff08\u8bd5\u7528\uff09", "weight": 9}, "model": "basedata.valuelistitem", "pk": 37}, {"fields": {"status": true, "group_code": "S016", "code": "12", "group": 16, "name": "\u5f85\u5c97", "weight": 9}, "model": "basedata.valuelistitem", "pk": 38}, {"fields": {"status": true, "group_code": "S016", "code": "20", "group": 16, "name": "\u79bb\u804c", "weight": 9}, "model": "basedata.valuelistitem", "pk": 39}, {"fields": {"status": true, "group_code": "S016", "code": "21", "group": 16, "name": "\u9000\u4f11", "weight": 9}, "model": "basedata.valuelistitem", "pk": 40}, {"fields": {"status": true, "group_code": "S016", "code": "22", "group": 16, "name": "\u7ec8\u6b62\u52b3\u52a8\u5408\u540c", "weight": 9}, "model": "basedata.valuelistitem", "pk": 41}, {"fields": {"status": true, "group_code": "S016", "code": "23", "group": 16, "name": "\u534f\u5546\u89e3\u9664\u52b3\u52a8\u5408\u540c", "weight": 9}, "model": "basedata.valuelistitem", "pk": 42}, {"fields": {"status": true, "group_code": "S016", "code": "24", "group": 16, "name": "\u52b3\u52a8\u8005\u4e3b\u5f20\u89e3\u9664\u52b3\u52a8\u5408\u540c", "weight": 9}, "model": "basedata.valuelistitem", "pk": 43}, {"fields": {"status": true, "group_code": "S016", "code": "25", "group": 16, "name": "\u7528\u4eba\u5355\u4f4d\u4e3b\u5f20\u89e3\u9664\u52b3\u52a8\u5408\u540c", "weight": 9}, "model": "basedata.valuelistitem", "pk": 44}, {"fields": {"status": true, "group_code": "S016", "code": "30", "group": 16, "name": "\u6b7b\u4ea1", "weight": 9}, "model": "basedata.valuelistitem", "pk": 45}, {"fields": {"status": true, "group_code": "S017", "code": "10", "group": 17, "name": "\u9886\u5bfc\u73ed\u5b50", "weight": 9}, "model": "basedata.valuelistitem", "pk": 46}, {"fields": {"status": true, "group_code": "S017", "code": "11", "group": 17, "name": "\u526f\u603b\u5e08\uff08\u52a9\u7406\uff09", "weight": 9}, "model": "basedata.valuelistitem", "pk": 47}, {"fields": {"status": true, "group_code": "S017", "code": "12", "group": 17, "name": "\u90e8\u95e8\u8d1f\u8d23\u4eba\uff08\u6b63\u804c\uff09", "weight": 9}, "model": "basedata.valuelistitem", "pk": 48}, {"fields": {"status": true, "group_code": "S017", "code": "13", "group": 17, "name": "\u90e8\u95e8\u8d1f\u8d23\u4eba\uff08\u526f\u804c\uff09", "weight": 9}, "model": "basedata.valuelistitem", "pk": 49}, {"fields": {"status": true, "group_code": "S017", "code": "14", "group": 17, "name": "\u90e8\u95e8\u5185\u8bbe\u673a\u6784\u8d1f\u8d23\u4eba\uff08\u6b63\u804c\uff09", "weight": 9}, "model": "basedata.valuelistitem", "pk": 50}, {"fields": {"status": true, "group_code": "S017", "code": "15", "group": 17, "name": "\u90e8\u95e8\u5185\u8bbe\u673a\u6784\u8d1f\u8d23\u4eba\uff08\u526f\u804c\uff09", "weight": 9}, "model": "basedata.valuelistitem", "pk": 51}, {"fields": {"status": true, "group_code": "S017", "code": "20", "group": 17, "name": "\u4e00\u7ea7\u804c\u5458", "weight": 9}, "model": "basedata.valuelistitem", "pk": 52}, {"fields": {"status": true, "group_code": "S017", "code": "21", "group": 17, "name": "\u4e8c\u7ea7\u804c\u5458", "weight": 9}, "model": "basedata.valuelistitem", "pk": 53}, {"fields": {"status": true, "group_code": "S017", "code": "22", "group": 17, "name": "\u4e09\u7ea7\u804c\u5458", "weight": 9}, "model": "basedata.valuelistitem", "pk": 54}, {"fields": {"status": true, "group_code": "S017", "code": "23", "group": 17, "name": "\u56db\u7ea7\u804c\u5458", "weight": 9}, "model": "basedata.valuelistitem", "pk": 55}, {"fields": {"status": true, "group_code": "S017", "code": "24", "group": 17, "name": "\u4e94\u7ea7\u804c\u5458", "weight": 9}, "model": "basedata.valuelistitem", "pk": 56}, {"fields": {"status": true, "group_code": "S017", "code": "25", "group": 17, "name": "\u516d\u7ea7\u804c\u5458", "weight": 9}, "model": "basedata.valuelistitem", "pk": 57}, {"fields": {"status": true, "group_code": "S017", "code": "26", "group": 17, "name": "\u4e03\u7ea7\u804c\u5458", "weight": 9}, "model": "basedata.valuelistitem", "pk": 58}, {"fields": {"status": true, "group_code": "S017", "code": "27", "group": 17, "name": "\u516b\u7ea7\u804c\u5458", "weight": 9}, "model": "basedata.valuelistitem", "pk": 59}, {"fields": {"status": true, "group_code": "S018", "code": "10", "group": 18, "name": "\u7ecf\u8425\u8005", "weight": 9}, "model": "basedata.valuelistitem", "pk": 60}, {"fields": {"status": true, "group_code": "S018", "code": "20", "group": 18, "name": "\u4e2d\u5c42\u7ba1\u7406\u4eba\u5458", "weight": 9}, "model": "basedata.valuelistitem", "pk": 61}, {"fields": {"status": true, "group_code": "S018", "code": "21", "group": 18, "name": "\u4e00\u822c\u7ba1\u7406\u4eba\u5458", "weight": 9}, "model": "basedata.valuelistitem", "pk": 62}, {"fields": {"status": true, "group_code": "S018", "code": "30", "group": 18, "name": "\u4e13\u4e1a\u6280\u672f\u4eba\u5458", "weight": 9}, "model": "basedata.valuelistitem", "pk": 63}, {"fields": {"status": true, "group_code": "S018", "code": "40", "group": 18, "name": "\u6280\u80fd\u4eba\u5458", "weight": 9}, "model": "basedata.valuelistitem", "pk": 64}, {"fields": {"status": true, "group_code": "S018", "code": "50", "group": 18, "name": "\u670d\u52a1\u4eba\u5458", "weight": 9}, "model": "basedata.valuelistitem", "pk": 65}, {"fields": {"status": true, "group_code": "S018", "code": "90", "group": 18, "name": "\u5176\u4ed6\u4eba\u5458", "weight": 9}, "model": "basedata.valuelistitem", "pk": 66}, {"fields": {"status": true, "group_code": "S019", "code": "1", "group": 19, "name": "\u52b3\u52a8\u5408\u540c\u5236\uff08\u957f\u671f\uff09", "weight": 9}, "model": "basedata.valuelistitem", "pk": 67}, {"fields": {"status": true, "group_code": "S019", "code": "2", "group": 19, "name": "\u52b3\u52a8\u5408\u540c\u5236\uff08\u77ed\u671f\uff09", "weight": 9}, "model": "basedata.valuelistitem", "pk": 68}, {"fields": {"status": true, "group_code": "S019", "code": "3", "group": 19, "name": "\u4eba\u4e8b\u4ee3\u7406\u5236", "weight": 9}, "model": "basedata.valuelistitem", "pk": 69}, {"fields": {"status": true, "group_code": "S019", "code": "4", "group": 19, "name": "\u52b3\u52a1\u6d3e\u9063\u5236", "weight": 9}, "model": "basedata.valuelistitem", "pk": 70}, {"fields": {"status": true, "group_code": "S019", "code": "5", "group": 19, "name": "\u975e\u5168\u65e5\u5236", "weight": 9}, "model": "basedata.valuelistitem", "pk": 71}, {"fields": {"status": true, "group_code": "S019", "code": "6", "group": 19, "name": "\u4e1a\u52a1\u5916\u5305", "weight": 9}, "model": "basedata.valuelistitem", "pk": 72}, {"fields": {"status": true, "group_code": "S019", "code": "9", "group": 19, "name": "\u5176\u4ed6", "weight": 9}, "model": "basedata.valuelistitem", "pk": 73}, {"fields": {"status": true, "group_code": "S020", "code": "00", "group": 20, "name": "\u65e0\u5b97\u6559\u4fe1\u4ef0", "weight": 9}, "model": "basedata.valuelistitem", "pk": 74}, {"fields": {"status": true, "group_code": "S020", "code": "10", "group": 20, "name": "\u4f5b\u6559", "weight": 9}, "model": "basedata.valuelistitem", "pk": 75}, {"fields": {"status": true, "group_code": "S020", "code": "20", "group": 20, "name": "\u5587\u561b\u6559", "weight": 9}, "model": "basedata.valuelistitem", "pk": 76}, {"fields": {"status": true, "group_code": "S020", "code": "30", "group": 20, "name": "\u9053\u6559", "weight": 9}, "model": "basedata.valuelistitem", "pk": 77}, {"fields": {"status": true, "group_code": "S020", "code": "40", "group": 20, "name": "\u5929\u4e3b\u6559", "weight": 9}, "model": "basedata.valuelistitem", "pk": 78}, {"fields": {"status": true, "group_code": "S020", "code": "50", "group": 20, "name": "\u57fa\u7763\u6559", "weight": 9}, "model": "basedata.valuelistitem", "pk": 79}, {"fields": {"status": true, "group_code": "S020", "code": "70", "group": 20, "name": "\u4e1c\u6b63\u6559", "weight": 9}, "model": "basedata.valuelistitem", "pk": 80}, {"fields": {"status": true, "group_code": "S020", "code": "80", "group": 20, "name": "\u4f0a\u65af\u5170\u6559", "weight": 9}, "model": "basedata.valuelistitem", "pk": 81}, {"fields": {"status": true, "group_code": "S020", "code": "99", "group": 20, "name": "\u5176\u4ed6", "weight": 9}, "model": "basedata.valuelistitem", "pk": 82}, {"fields": {"status": true, "group_code": "S021", "code": "01", "group": 21, "name": "\u6c49\u65cf", "weight": 9}, "model": "basedata.valuelistitem", "pk": 83}, {"fields": {"status": true, "group_code": "S021", "code": "02", "group": 21, "name": "\u8499\u53e4\u65cf", "weight": 9}, "model": "basedata.valuelistitem", "pk": 84}, {"fields": {"status": true, "group_code": "S021", "code": "03", "group": 21, "name": "\u56de\u65cf", "weight": 9}, "model": "basedata.valuelistitem", "pk": 85}, {"fields": {"status": true, "group_code": "S021", "code": "04", "group": 21, "name": "\u85cf\u65cf", "weight": 9}, "model": "basedata.valuelistitem", "pk": 86}, {"fields": {"status": true, "group_code": "S021", "code": "05", "group": 21, "name": "\u7ef4\u543e\u5c14\u65cf", "weight": 9}, "model": "basedata.valuelistitem", "pk": 87}, {"fields": {"status": true, "group_code": "S021", "code": "06", "group": 21, "name": "\u82d7\u65cf", "weight": 9}, "model": "basedata.valuelistitem", "pk": 88}, {"fields": {"status": true, "group_code": "S021", "code": "07", "group": 21, "name": "\u5f5d\u65cf", "weight": 9}, "model": "basedata.valuelistitem", "pk": 89}, {"fields": {"status": true, "group_code": "S021", "code": "08", "group": 21, "name": "\u58ee\u65cf", "weight": 9}, "model": "basedata.valuelistitem", "pk": 90}, {"fields": {"status": true, "group_code": "S021", "code": "09", "group": 21, "name": "\u5e03\u4f9d\u65cf", "weight": 9}, "model": "basedata.valuelistitem", "pk": 91}, {"fields": {"status": true, "group_code": "S021", "code": "10", "group": 21, "name": "\u671d\u9c9c\u65cf", "weight": 9}, "model": "basedata.valuelistitem", "pk": 92}, {"fields": {"status": true, "group_code": "S021", "code": "11", "group": 21, "name": "\u6ee1\u65cf", "weight": 9}, "model": "basedata.valuelistitem", "pk": 93}, {"fields": {"status": true, "group_code": "S022", "code": "CN", "group": 22, "name": "\u4e2d\u56fd", "weight": 9}, "model": "basedata.valuelistitem", "pk": 94}, {"fields": {"status": true, "group_code": "S022", "code": "EG", "group": 22, "name": "\u57c3\u53ca", "weight": 9}, "model": "basedata.valuelistitem", "pk": 95}, {"fields": {"status": true, "group_code": "S022", "code": "AT", "group": 22, "name": "\u5965\u5730\u5229", "weight": 9}, "model": "basedata.valuelistitem", "pk": 96}, {"fields": {"status": true, "group_code": "S022", "code": "AU", "group": 22, "name": "\u6fb3\u5927\u5229\u4e9a", "weight": 9}, "model": "basedata.valuelistitem", "pk": 97}, {"fields": {"status": true, "group_code": "S022", "code": "PK", "group": 22, "name": "\u5df4\u57fa\u65af\u5766", "weight": 9}, "model": "basedata.valuelistitem", "pk": 98}, {"fields": {"status": true, "group_code": "S022", "code": "BR", "group": 22, "name": "\u5df4\u897f", "weight": 9}, "model": "basedata.valuelistitem", "pk": 99}, {"fields": {"status": true, "group_code": "S022", "code": "KP", "group": 22, "name": "\u5317\u671d\u9c9c", "weight": 9}, "model": "basedata.valuelistitem", "pk": 100}, {"fields": {"status": true, "group_code": "S022", "code": "BE", "group": 22, "name": "\u6bd4\u5229\u65f6", "weight": 9}, "model": "basedata.valuelistitem", "pk": 101}, {"fields": {"status": true, "group_code": "S022", "code": "IS", "group": 22, "name": "\u51b0\u5c9b", "weight": 9}, "model": "basedata.valuelistitem", "pk": 102}, {"fields": {"status": true, "group_code": "S022", "code": "PL", "group": 22, "name": "\u6ce2\u5170", "weight": 9}, "model": "basedata.valuelistitem", "pk": 103}, {"fields": {"status": true, "group_code": "S022", "code": "DK", "group": 22, "name": "\u4e39\u9ea6", "weight": 9}, "model": "basedata.valuelistitem", "pk": 104}, {"fields": {"status": true, "group_code": "S022", "code": "DE", "group": 22, "name": "\u5fb7\u56fd", "weight": 9}, "model": "basedata.valuelistitem", "pk": 105}, {"fields": {"status": true, "group_code": "S022", "code": "FR", "group": 22, "name": "\u6cd5\u56fd", "weight": 9}, "model": "basedata.valuelistitem", "pk": 106}, {"fields": {"status": true, "group_code": "S022", "code": "KR", "group": 22, "name": "\u97e9\u56fd", "weight": 9}, "model": "basedata.valuelistitem", "pk": 107}, {"fields": {"status": true, "group_code": "S022", "code": "NL", "group": 22, "name": "\u8377\u5170", "weight": 9}, "model": "basedata.valuelistitem", "pk": 108}, {"fields": {"status": true, "group_code": "S022", "code": "CA", "group": 22, "name": "\u52a0\u62ff\u5927", "weight": 9}, "model": "basedata.valuelistitem", "pk": 109}, {"fields": {"status": true, "group_code": "S022", "code": "US", "group": 22, "name": "\u7f8e\u56fd", "weight": 9}, "model": "basedata.valuelistitem", "pk": 110}, {"fields": {"status": true, "group_code": "S022", "code": "JP", "group": 22, "name": "\u65e5\u672c", "weight": 9}, "model": "basedata.valuelistitem", "pk": 111}, {"fields": {"status": true, "group_code": "S022", "code": "TW", "group": 22, "name": "\u4e2d\u56fd\u53f0\u6e7e", "weight": 9}, "model": "basedata.valuelistitem", "pk": 112}, {"fields": {"status": true, "group_code": "S022", "code": "HK", "group": 22, "name": "\u4e2d\u56fd\u9999\u6e2f", "weight": 9}, "model": "basedata.valuelistitem", "pk": 113}, {"fields": {"status": true, "group_code": "S022", "code": "ES", "group": 22, "name": "\u897f\u73ed\u7259", "weight": 9}, "model": "basedata.valuelistitem", "pk": 114}, {"fields": {"status": true, "group_code": "S022", "code": "GR", "group": 22, "name": "\u5e0c\u814a", "weight": 9}, "model": "basedata.valuelistitem", "pk": 115}, {"fields": {"status": true, "group_code": "S022", "code": "SG", "group": 22, "name": "\u65b0\u52a0\u5761", "weight": 9}, "model": "basedata.valuelistitem", "pk": 116}, {"fields": {"status": true, "group_code": "S022", "code": "NZ", "group": 22, "name": "\u65b0\u897f\u5170", "weight": 9}, "model": "basedata.valuelistitem", "pk": 117}, {"fields": {"status": true, "group_code": "S022", "code": "IT", "group": 22, "name": "\u610f\u5927\u5229", "weight": 9}, "model": "basedata.valuelistitem", "pk": 118}, {"fields": {"status": true, "group_code": "S022", "code": "GB", "group": 22, "name": "\u82f1\u56fd", "weight": 9}, "model": "basedata.valuelistitem", "pk": 119}, {"fields": {"status": true, "group_code": "S022", "code": "MO", "group": 22, "name": "\u4e2d\u56fd\u6fb3\u95e8", "weight": 9}, "model": "basedata.valuelistitem", "pk": 120}, {"fields": {"status": true, "group_code": "S022", "code": "IL", "group": 22, "name": "\u4ee5\u8272\u5217", "weight": 9}, "model": "basedata.valuelistitem", "pk": 121}, {"fields": {"status": true, "group_code": "S023", "code": "10", "group": 23, "name": "\u672a\u5a5a", "weight": 9}, "model": "basedata.valuelistitem", "pk": 122}, {"fields": {"status": true, "group_code": "S023", "code": "20", "group": 23, "name": "\u521d\u5a5a", "weight": 9}, "model": "basedata.valuelistitem", "pk": 123}, {"fields": {"status": true, "group_code": "S023", "code": "21", "group": 23, "name": "\u518d\u5a5a", "weight": 9}, "model": "basedata.valuelistitem", "pk": 124}, {"fields": {"status": true, "group_code": "S023", "code": "22", "group": 23, "name": "\u590d\u5a5a", "weight": 9}, "model": "basedata.valuelistitem", "pk": 125}, {"fields": {"status": true, "group_code": "S023", "code": "30", "group": 23, "name": "\u4e27\u5076", "weight": 9}, "model": "basedata.valuelistitem", "pk": 126}, {"fields": {"status": true, "group_code": "S023", "code": "40", "group": 23, "name": "\u79bb\u5a5a", "weight": 9}, "model": "basedata.valuelistitem", "pk": 127}, {"fields": {"status": true, "group_code": "S023", "code": "90", "group": 23, "name": "\u5176\u4ed6", "weight": 9}, "model": "basedata.valuelistitem", "pk": 128}, {"fields": {"status": true, "group_code": "S024", "code": "0", "group": 24, "name": "\u7814\u7a76\u751f", "weight": 9}, "model": "basedata.valuelistitem", "pk": 129}, {"fields": {"status": true, "group_code": "S024", "code": "10", "group": 24, "name": "\u5927\u5b66\u672c\u79d1", "weight": 9}, "model": "basedata.valuelistitem", "pk": 132}, {"fields": {"status": true, "group_code": "S024", "code": "20", "group": 24, "name": "\u5927\u5b66\u4e13\u79d1\u548c\u4e13\u79d1\u5b66\u6821", "weight": 9}, "model": "basedata.valuelistitem", "pk": 136}, {"fields": {"status": true, "group_code": "S024", "code": "40", "group": 24, "name": "\u6280\u5de5\u5b66\u6821", "weight": 9}, "model": "basedata.valuelistitem", "pk": 144}, {"fields": {"status": true, "group_code": "S024", "code": "50", "group": 24, "name": "\u9ad8\u4e2d", "weight": 9}, "model": "basedata.valuelistitem", "pk": 146}, {"fields": {"status": true, "group_code": "S024", "code": "60", "group": 24, "name": "\u521d\u4e2d", "weight": 9}, "model": "basedata.valuelistitem", "pk": 147}, {"fields": {"status": true, "group_code": "S024", "code": "70", "group": 24, "name": "\u5c0f\u5b66", "weight": 9}, "model": "basedata.valuelistitem", "pk": 148}, {"fields": {"status": true, "group_code": "S024", "code": "80", "group": 24, "name": "\u6587\u76f2\u6216\u534a\u6587\u76f2", "weight": 9}, "model": "basedata.valuelistitem", "pk": 149}, {"fields": {"status": true, "group_code": "gender", "code": "0", "group": 10, "name": "\u672a\u77e5\u7684\u6027\u522b", "weight": 9}, "model": "basedata.valuelistitem", "pk": 150}, {"fields": {"status": true, "group_code": "gender", "code": "1", "group": 10, "name": "\u7537\u6027", "weight": 9}, "model": "basedata.valuelistitem", "pk": 151}, {"fields": {"status": true, "group_code": "gender", "code": "2", "group": 10, "name": "\u5973\u6027", "weight": 9}, "model": "basedata.valuelistitem", "pk": 152}, {"fields": {"status": true, "group_code": "gender", "code": "9", "group": 10, "name": "\u672a\u8bf4\u660e\u7684\u6027\u522b", "weight": 9}, "model": "basedata.valuelistitem", "pk": 153}, {"fields": {"status": true, "group_code": "S025", "code": "11", "group": 25, "name": "\u4e08\u592b", "weight": 9}, "model": "basedata.valuelistitem", "pk": 154}, {"fields": {"status": true, "group_code": "S025", "code": "12", "group": 25, "name": "\u59bb\u5b50", "weight": 9}, "model": "basedata.valuelistitem", "pk": 155}, {"fields": {"status": true, "group_code": "S025", "code": "21", "group": 25, "name": "\u72ec\u751f\u5b50", "weight": 9}, "model": "basedata.valuelistitem", "pk": 156}, {"fields": {"status": true, "group_code": "S025", "code": "22", "group": 25, "name": "\u957f\u5b50", "weight": 9}, "model": "basedata.valuelistitem", "pk": 157}, {"fields": {"status": true, "group_code": "S025", "code": "23", "group": 25, "name": "\u6b21\u5b50", "weight": 9}, "model": "basedata.valuelistitem", "pk": 158}, {"fields": {"status": true, "group_code": "S025", "code": "24", "group": 25, "name": "\u4e09\u5b50", "weight": 9}, "model": "basedata.valuelistitem", "pk": 159}, {"fields": {"status": true, "group_code": "S025", "code": "25", "group": 25, "name": "\u56db\u5b50", "weight": 9}, "model": "basedata.valuelistitem", "pk": 160}, {"fields": {"status": true, "group_code": "S025", "code": "26", "group": 25, "name": "\u4e94\u5b50", "weight": 9}, "model": "basedata.valuelistitem", "pk": 161}, {"fields": {"status": true, "group_code": "S025", "code": "27", "group": 25, "name": "\u517b\u5b50\u6216\u7ee7\u5b50", "weight": 9}, "model": "basedata.valuelistitem", "pk": 162}, {"fields": {"status": true, "group_code": "S025", "code": "28", "group": 25, "name": "\u5973\u5a7f", "weight": 9}, "model": "basedata.valuelistitem", "pk": 163}, {"fields": {"status": true, "group_code": "S025", "code": "31", "group": 25, "name": "\u72ec\u751f\u5973", "weight": 9}, "model": "basedata.valuelistitem", "pk": 164}, {"fields": {"status": true, "group_code": "S025", "code": "32", "group": 25, "name": "\u957f\u5973", "weight": 9}, "model": "basedata.valuelistitem", "pk": 165}, {"fields": {"status": true, "group_code": "S025", "code": "33", "group": 25, "name": "\u6b21\u5973", "weight": 9}, "model": "basedata.valuelistitem", "pk": 166}, {"fields": {"status": true, "group_code": "S025", "code": "34", "group": 25, "name": "\u4e09\u5973", "weight": 9}, "model": "basedata.valuelistitem", "pk": 167}, {"fields": {"status": true, "group_code": "S025", "code": "35", "group": 25, "name": "\u56db\u5973", "weight": 9}, "model": "basedata.valuelistitem", "pk": 168}, {"fields": {"status": true, "group_code": "S025", "code": "36", "group": 25, "name": "\u4e94\u5973", "weight": 9}, "model": "basedata.valuelistitem", "pk": 169}, {"fields": {"status": true, "group_code": "S025", "code": "37", "group": 25, "name": "\u517b\u5973\u6216\u7ee7\u5973", "weight": 9}, "model": "basedata.valuelistitem", "pk": 170}, {"fields": {"status": true, "group_code": "S025", "code": "51", "group": 25, "name": "\u7236\u4eb2", "weight": 9}, "model": "basedata.valuelistitem", "pk": 171}, {"fields": {"status": true, "group_code": "S025", "code": "52", "group": 25, "name": "\u6bcd\u4eb2", "weight": 9}, "model": "basedata.valuelistitem", "pk": 172}, {"fields": {"status": true, "group_code": "S025", "code": "53", "group": 25, "name": "\u516c\u516c", "weight": 9}, "model": "basedata.valuelistitem", "pk": 173}, {"fields": {"status": true, "group_code": "S025", "code": "54", "group": 25, "name": "\u5a46\u5a46", "weight": 9}, "model": "basedata.valuelistitem", "pk": 174}, {"fields": {"status": true, "group_code": "S025", "code": "55", "group": 25, "name": "\u5cb3\u7236", "weight": 9}, "model": "basedata.valuelistitem", "pk": 175}, {"fields": {"status": true, "group_code": "S025", "code": "56", "group": 25, "name": "\u5cb3\u6bcd", "weight": 9}, "model": "basedata.valuelistitem", "pk": 176}, {"fields": {"status": true, "group_code": "S025", "code": "57", "group": 25, "name": "\u7ee7\u7236\u6216\u517b\u7236", "weight": 9}, "model": "basedata.valuelistitem", "pk": 177}, {"fields": {"status": true, "group_code": "S025", "code": "58", "group": 25, "name": "\u7ee7\u6bcd\u6216\u517b\u6bcd", "weight": 9}, "model": "basedata.valuelistitem", "pk": 178}, {"fields": {"status": true, "group_code": "S025", "code": "71", "group": 25, "name": "\u5144", "weight": 9}, "model": "basedata.valuelistitem", "pk": 179}, {"fields": {"status": true, "group_code": "S025", "code": "72", "group": 25, "name": "\u5ac2", "weight": 9}, "model": "basedata.valuelistitem", "pk": 180}, {"fields": {"status": true, "group_code": "S025", "code": "73", "group": 25, "name": "\u5f1f", "weight": 9}, "model": "basedata.valuelistitem", "pk": 181}, {"fields": {"status": true, "group_code": "S025", "code": "74", "group": 25, "name": "\u5f1f\u5ab3", "weight": 9}, "model": "basedata.valuelistitem", "pk": 182}, {"fields": {"status": true, "group_code": "S025", "code": "75", "group": 25, "name": "\u59d0\u59d0", "weight": 9}, "model": "basedata.valuelistitem", "pk": 183}, {"fields": {"status": true, "group_code": "S025", "code": "76", "group": 25, "name": "\u59d0\u592b", "weight": 9}, "model": "basedata.valuelistitem", "pk": 184}, {"fields": {"status": true, "group_code": "S025", "code": "77", "group": 25, "name": "\u59b9\u59b9", "weight": 9}, "model": "basedata.valuelistitem", "pk": 185}, {"fields": {"status": true, "group_code": "S025", "code": "78", "group": 25, "name": "\u59b9\u592b", "weight": 9}, "model": "basedata.valuelistitem", "pk": 186}, {"fields": {"status": true, "group_code": "S026", "code": "01", "group": 26, "name": "\u4e2d\u56fd\u5171\u4ea7\u515a\u515a\u5458", "weight": 9}, "model": "basedata.valuelistitem", "pk": 187}, {"fields": {"status": true, "group_code": "S026", "code": "02", "group": 26, "name": "\u4e2d\u56fd\u5171\u4ea7\u515a\u9884\u5907\u515a\u5458", "weight": 9}, "model": "basedata.valuelistitem", "pk": 188}, {"fields": {"status": true, "group_code": "S026", "code": "03", "group": 26, "name": "\u4e2d\u56fd\u5171\u4ea7\u4e3b\u4e49\u9752\u5e74\u56e2\u56e2\u5458", "weight": 9}, "model": "basedata.valuelistitem", "pk": 189}, {"fields": {"status": true, "group_code": "S026", "code": "04", "group": 26, "name": "\u4e2d\u56fd\u56fd\u6c11\u515a\u9769\u547d\u59d4\u5458\u4f1a\u4f1a\u5458", "weight": 9}, "model": "basedata.valuelistitem", "pk": 190}, {"fields": {"status": true, "group_code": "S026", "code": "05", "group": 26, "name": "\u4e2d\u56fd\u6c11\u4e3b\u540c\u76df\u76df\u5458", "weight": 9}, "model": "basedata.valuelistitem", "pk": 191}, {"fields": {"status": true, "group_code": "S026", "code": "06", "group": 26, "name": "\u4e2d\u56fd\u6c11\u4e3b\u5efa\u56fd\u4f1a\u4f1a\u5458", "weight": 9}, "model": "basedata.valuelistitem", "pk": 192}, {"fields": {"status": true, "group_code": "S026", "code": "07", "group": 26, "name": "\u4e2d\u56fd\u6c11\u4e3b\u4fc3\u8fdb\u4f1a\u4f1a\u5458", "weight": 9}, "model": "basedata.valuelistitem", "pk": 193}, {"fields": {"status": true, "group_code": "S026", "code": "08", "group": 26, "name": "\u4e2d\u56fd\u519c\u5de5\u6c11\u4e3b\u515a\u515a\u5458", "weight": 9}, "model": "basedata.valuelistitem", "pk": 194}, {"fields": {"status": true, "group_code": "S026", "code": "09", "group": 26, "name": "\u4e2d\u56fd\u81f4\u516c\u515a\u515a\u5458", "weight": 9}, "model": "basedata.valuelistitem", "pk": 195}, {"fields": {"status": true, "group_code": "S026", "code": "10", "group": 26, "name": "\u4e5d\u4e09\u5b66\u793e\u793e\u5458", "weight": 9}, "model": "basedata.valuelistitem", "pk": 196}, {"fields": {"status": true, "group_code": "S026", "code": "11", "group": 26, "name": "\u53f0\u6e7e\u6c11\u4e3b\u81ea\u6cbb\u540c\u76df\u76df\u5458", "weight": 9}, "model": "basedata.valuelistitem", "pk": 197}, {"fields": {"status": true, "group_code": "S026", "code": "12", "group": 26, "name": "\u65e0\u515a\u6d3e\u6c11\u4e3b\u4eba\u58eb", "weight": 9}, "model": "basedata.valuelistitem", "pk": 198}, {"fields": {"status": true, "group_code": "S026", "code": "13", "group": 26, "name": "\u7fa4\u4f17", "weight": 9}, "model": "basedata.valuelistitem", "pk": 199}, {"fields": {"status": true, "group_code": "S027", "code": "0", "group": 27, "name": "\u672a\u670d\u5175\u5f79", "weight": 9}, "model": "basedata.valuelistitem", "pk": 200}, {"fields": {"status": true, "group_code": "S027", "code": "1", "group": 27, "name": "\u9000\u51fa\u73b0\u5f79", "weight": 9}, "model": "basedata.valuelistitem", "pk": 201}, {"fields": {"status": true, "group_code": "S027", "code": "2", "group": 27, "name": "\u58eb\u5175\u9884\u5907\u5f79", "weight": 9}, "model": "basedata.valuelistitem", "pk": 202}, {"fields": {"status": true, "group_code": "S027", "code": "3", "group": 27, "name": "\u519b\u5b98\u9884\u5907\u5f79", "weight": 9}, "model": "basedata.valuelistitem", "pk": 203}, {"fields": {"status": true, "group_code": "S027", "code": "4", "group": 27, "name": "\u670d\u73b0\u5f79", "weight": 9}, "model": "basedata.valuelistitem", "pk": 204}, {"fields": {"status": true, "group_code": "S027", "code": "9", "group": 27, "name": "\u5176\u4ed6", "weight": 9}, "model": "basedata.valuelistitem", "pk": 205}, {"fields": {"status": true, "group_code": "S028", "code": "0", "group": 28, "name": "\u4e0d\u660e", "weight": 9}, "model": "basedata.valuelistitem", "pk": 206}, {"fields": {"status": true, "group_code": "S028", "code": "1", "group": 28, "name": "A\u578b", "weight": 9}, "model": "basedata.valuelistitem", "pk": 207}, {"fields": {"status": true, "group_code": "S028", "code": "2", "group": 28, "name": "B\u578b", "weight": 9}, "model": "basedata.valuelistitem", "pk": 208}, {"fields": {"status": true, "group_code": "S028", "code": "3", "group": 28, "name": "O\u578b", "weight": 9}, "model": "basedata.valuelistitem", "pk": 209}, {"fields": {"status": true, "group_code": "S028", "code": "4", "group": 28, "name": "AB\u578b", "weight": 9}, "model": "basedata.valuelistitem", "pk": 210}, {"fields": {"status": true, "group_code": "S028", "code": "9", "group": 28, "name": "\u5176\u4ed6", "weight": 9}, "model": "basedata.valuelistitem", "pk": 211}, {"fields": {"status": true, "group_code": "S029", "code": "11", "group": 29, "name": "\u56fd\u5bb6\u516c\u52a1\u5458", "weight": 9}, "model": "basedata.valuelistitem", "pk": 212}, {"fields": {"status": true, "group_code": "S029", "code": "13", "group": 29, "name": "\u4e13\u4e1a\u6280\u672f\u4eba\u5458", "weight": 9}, "model": "basedata.valuelistitem", "pk": 213}, {"fields": {"status": true, "group_code": "S029", "code": "17", "group": 29, "name": "\u804c\u5458", "weight": 9}, "model": "basedata.valuelistitem", "pk": 214}, {"fields": {"status": true, "group_code": "S029", "code": "21", "group": 29, "name": "\u4f01\u4e1a\u7ba1\u7406\u4eba\u5458", "weight": 9}, "model": "basedata.valuelistitem", "pk": 215}, {"fields": {"status": true, "group_code": "S029", "code": "24", "group": 29, "name": "\u5de5\u4eba", "weight": 9}, "model": "basedata.valuelistitem", "pk": 216}, {"fields": {"status": true, "group_code": "S029", "code": "27", "group": 29, "name": "\u519c\u6c11", "weight": 9}, "model": "basedata.valuelistitem", "pk": 217}, {"fields": {"status": true, "group_code": "S029", "code": "31", "group": 29, "name": "\u5b66\u751f", "weight": 9}, "model": "basedata.valuelistitem", "pk": 218}, {"fields": {"status": true, "group_code": "S029", "code": "37", "group": 29, "name": "\u73b0\u5f79\u519b\u4eba", "weight": 9}, "model": "basedata.valuelistitem", "pk": 219}, {"fields": {"status": true, "group_code": "S029", "code": "51", "group": 29, "name": "\u81ea\u7531\u804c\u4e1a\u8005", "weight": 9}, "model": "basedata.valuelistitem", "pk": 220}, {"fields": {"status": true, "group_code": "S029", "code": "54", "group": 29, "name": "\u4e2a\u4eba\u7ecf\u8425\u8005", "weight": 9}, "model": "basedata.valuelistitem", "pk": 221}, {"fields": {"status": true, "group_code": "S029", "code": "70", "group": 29, "name": "\u65e0\u4e1a\u4eba\u5458", "weight": 9}, "model": "basedata.valuelistitem", "pk": 222}, {"fields": {"status": true, "group_code": "S029", "code": "80", "group": 29, "name": "\u9000\uff08\u79bb\uff09\u4f11\u4eba\u5458", "weight": 9}, "model": "basedata.valuelistitem", "pk": 223}, {"fields": {"status": true, "group_code": "S029", "code": "90", "group": 29, "name": "\u5176\u4ed6", "weight": 9}, "model": "basedata.valuelistitem", "pk": 224}, {"fields": {"status": true, "group_code": "S030", "code": "1", "group": 30, "name": "\u52b3\u52a8\u5408\u540c", "weight": 9}, "model": "basedata.valuelistitem", "pk": 225}, {"fields": {"status": true, "group_code": "S030", "code": "2", "group": 30, "name": "\u5c97\u4f4d\u8058\u7528\u5408\u540c", "weight": 9}, "model": "basedata.valuelistitem", "pk": 226}, {"fields": {"status": true, "group_code": "S030", "code": "3", "group": 30, "name": "\u8058\u4efb\u5408\u540c", "weight": 9}, "model": "basedata.valuelistitem", "pk": 227}, {"fields": {"status": true, "group_code": "S030", "code": "9", "group": 30, "name": "\u5176\u4ed6", "weight": 9}, "model": "basedata.valuelistitem", "pk": 228}, {"fields": {"status": true, "group_code": "S031", "code": "1", "group": 31, "name": "\u6709\u56fa\u5b9a\u671f\u9650", "weight": 9}, "model": "basedata.valuelistitem", "pk": 229}, {"fields": {"status": true, "group_code": "S031", "code": "2", "group": 31, "name": "\u65e0\u56fa\u5b9a\u671f\u9650", "weight": 9}, "model": "basedata.valuelistitem", "pk": 230}, {"fields": {"status": true, "group_code": "S031", "code": "3", "group": 31, "name": "\u4ee5\u4efb\u52a1\u4e3a\u9650", "weight": 9}, "model": "basedata.valuelistitem", "pk": 231}, {"fields": {"status": true, "group_code": "S031", "code": "9", "group": 31, "name": "\u5176\u4ed6", "weight": 9}, "model": "basedata.valuelistitem", "pk": 232}, {"fields": {"status": true, "group_code": "S032", "code": "1", "group": 32, "name": "\u4e25\u683c\u4fdd\u5bc6", "weight": 9}, "model": "basedata.valuelistitem", "pk": 233}, {"fields": {"status": true, "group_code": "S032", "code": "2", "group": 32, "name": "\u9700\u8981\u4fdd\u5bc6", "weight": 9}, "model": "basedata.valuelistitem", "pk": 234}, {"fields": {"status": true, "group_code": "S032", "code": "3", "group": 32, "name": "\u65e0\u9700\u4fdd\u5bc6", "weight": 9}, "model": "basedata.valuelistitem", "pk": 235}, {"fields": {"status": true, "group_code": "S033", "code": "01", "group": 33, "name": "\u521d\u5b9a", "weight": 9}, "model": "basedata.valuelistitem", "pk": 236}, {"fields": {"status": true, "group_code": "S033", "code": "02", "group": 33, "name": "\u7eed\u8ba2", "weight": 9}, "model": "basedata.valuelistitem", "pk": 237}, {"fields": {"status": true, "group_code": "S033", "code": "03", "group": 33, "name": "\u53d8\u66f4", "weight": 9}, "model": "basedata.valuelistitem", "pk": 238}, {"fields": {"status": true, "group_code": "S033", "code": "04", "group": 33, "name": "\u7ec8\u6b62", "weight": 9}, "model": "basedata.valuelistitem", "pk": 239}, {"fields": {"status": true, "group_code": "S033", "code": "05", "group": 33, "name": "\u89e3\u9664", "weight": 9}, "model": "basedata.valuelistitem", "pk": 240}, {"fields": {"status": true, "group_code": "S034", "code": "1", "group": 34, "name": "\u5b9a\u65f6", "weight": 9}, "model": "basedata.valuelistitem", "pk": 241}, {"fields": {"status": true, "group_code": "S034", "code": "2", "group": 34, "name": "\u4e0d\u5b9a\u65f6", "weight": 9}, "model": "basedata.valuelistitem", "pk": 242}, {"fields": {"status": true, "group_code": "S034", "code": "3", "group": 34, "name": "\u7efc\u5408\u8ba1\u7b97\u5de5\u65f6", "weight": 9}, "model": "basedata.valuelistitem", "pk": 243}, {"fields": {"status": true, "group_code": "S035", "code": "10", "group": 35, "name": "\u7814\u7a76\u751f\u6559\u80b2", "weight": 9}, "model": "basedata.valuelistitem", "pk": 244}, {"fields": {"status": true, "group_code": "S035", "code": "20", "group": 35, "name": "\u5927\u5b66\u672c\u79d1\u6559\u80b2", "weight": 9}, "model": "basedata.valuelistitem", "pk": 245}, {"fields": {"status": true, "group_code": "S035", "code": "30", "group": 35, "name": "\u5927\u5b66\u4e13\u79d1\u6559\u80b2", "weight": 9}, "model": "basedata.valuelistitem", "pk": 246}, {"fields": {"status": true, "group_code": "S035", "code": "40", "group": 35, "name": "\u4e2d\u7b49\u804c\u4e1a\u6559\u80b2", "weight": 9}, "model": "basedata.valuelistitem", "pk": 247}, {"fields": {"status": true, "group_code": "S035", "code": "60", "group": 35, "name": "\u666e\u901a\u9ad8\u7ea7\u4e2d\u5b66\u6559\u80b2", "weight": 9}, "model": "basedata.valuelistitem", "pk": 248}, {"fields": {"status": true, "group_code": "S035", "code": "70", "group": 35, "name": "\u521d\u7ea7\u4e2d\u5b66\u6559\u80b2", "weight": 9}, "model": "basedata.valuelistitem", "pk": 249}, {"fields": {"status": true, "group_code": "S035", "code": "80", "group": 35, "name": "\u5c0f\u5b66\u6559\u80b2", "weight": 9}, "model": "basedata.valuelistitem", "pk": 250}, {"fields": {"status": true, "group_code": "S035", "code": "90", "group": 35, "name": "\u5176\u4ed6", "weight": 9}, "model": "basedata.valuelistitem", "pk": 251}, {"fields": {"status": true, "group_code": "S035", "code": "99", "group": 35, "name": "\u975e\u5b66\u5386\u6559\u80b2", "weight": 9}, "model": "basedata.valuelistitem", "pk": 252}, {"fields": {"status": true, "group_code": "S036", "code": "11", "group": 36, "name": "\u5168\u65e5\u5236\u5c0f\u5b66", "weight": 9}, "model": "basedata.valuelistitem", "pk": 254}, {"fields": {"status": true, "group_code": "S036", "code": "12", "group": 36, "name": "\u5168\u65e5\u5236\u4e2d\u5b66", "weight": 9}, "model": "basedata.valuelistitem", "pk": 255}, {"fields": {"status": true, "group_code": "S036", "code": "13", "group": 36, "name": "\u5168\u65e5\u5236\u4e2d\u4e13", "weight": 9}, "model": "basedata.valuelistitem", "pk": 256}, {"fields": {"status": true, "group_code": "S036", "code": "14", "group": 36, "name": "\u5168\u65e5\u5236\u9ad8\u7b49\u5b66\u6821", "weight": 9}, "model": "basedata.valuelistitem", "pk": 257}, {"fields": {"status": true, "group_code": "S036", "code": "41", "group": 36, "name": "\u56fd\u5bb6\u884c\u653f\u5b66\u9662", "weight": 9}, "model": "basedata.valuelistitem", "pk": 259}, {"fields": {"status": true, "group_code": "S036", "code": "42", "group": 36, "name": "\u7701\u884c\u653f\u5b66\u9662", "weight": 9}, "model": "basedata.valuelistitem", "pk": 260}, {"fields": {"status": true, "group_code": "S036", "code": "49", "group": 36, "name": "\u5176\u4ed6\u884c\u653f\u5b66\u9662\uff08\u6821\uff09", "weight": 9}, "model": "basedata.valuelistitem", "pk": 261}, {"fields": {"status": true, "group_code": "S036", "code": "71", "group": 36, "name": "\u4e2d\u592e\u515a\u6821", "weight": 9}, "model": "basedata.valuelistitem", "pk": 262}, {"fields": {"status": true, "group_code": "S036", "code": "72", "group": 36, "name": "\u7701\u59d4\u515a\u6821", "weight": 9}, "model": "basedata.valuelistitem", "pk": 263}, {"fields": {"status": true, "group_code": "S036", "code": "73", "group": 36, "name": "\u5730\u3001\u5e02\u59d4\u515a\u6821", "weight": 9}, "model": "basedata.valuelistitem", "pk": 264}, {"fields": {"status": true, "group_code": "S036", "code": "81", "group": 36, "name": "\u519b\u961f\uff08\u6b66\u8b66\uff09\u9ad8\u7b49\u9662\u6821", "weight": 9}, "model": "basedata.valuelistitem", "pk": 265}, {"fields": {"status": true, "group_code": "S036", "code": "82", "group": 36, "name": "\u519b\u961f\uff08\u6b66\u8b66\uff09\u4e2d\u7b49\u4e13\u79d1\u5b66\u6821", "weight": 9}, "model": "basedata.valuelistitem", "pk": 266}, {"fields": {"status": true, "group_code": "S036", "code": "83", "group": 36, "name": "\u519b\u961f\uff08\u6b66\u8b66\uff09\u515a\u6821", "weight": 9}, "model": "basedata.valuelistitem", "pk": 267}, {"fields": {"status": true, "group_code": "S036", "code": "84", "group": 36, "name": "\u519b\u961f\uff08\u6b66\u8b66\uff09\u79d1\u7814\u673a\u6784", "weight": 9}, "model": "basedata.valuelistitem", "pk": 268}, {"fields": {"status": true, "group_code": "S036", "code": "85", "group": 36, "name": "\u519b\u961f\uff08\u6b66\u8b66\uff09\u533b\u9662", "weight": 9}, "model": "basedata.valuelistitem", "pk": 269}, {"fields": {"status": true, "group_code": "S037", "code": "1", "group": 37, "name": "\u540d\u8a89\u535a\u58eb ", "weight": 9}, "model": "basedata.valuelistitem", "pk": 270}, {"fields": {"status": true, "group_code": "S037", "code": "2", "group": 37, "name": "\u535a\u58eb", "weight": 9}, "model": "basedata.valuelistitem", "pk": 271}, {"fields": {"status": true, "group_code": "S037", "code": "3", "group": 37, "name": "\u7855\u58eb", "weight": 9}, "model": "basedata.valuelistitem", "pk": 272}, {"fields": {"status": true, "group_code": "S037", "code": "4", "group": 37, "name": "\u5b66\u58eb", "weight": 9}, "model": "basedata.valuelistitem", "pk": 273}, {"fields": {"status": true, "group_code": "S037", "code": "5", "group": 37, "name": "\u53cc\u5b66\u58eb", "weight": 9}, "model": "basedata.valuelistitem", "pk": 274}, {"fields": {"status": true, "group_code": "S038", "code": "01", "group": 38, "name": "\u54f2\u5b66", "weight": 9}, "model": "basedata.valuelistitem", "pk": 275}, {"fields": {"status": true, "group_code": "S038", "code": "02", "group": 38, "name": "\u7ecf\u6d4e\u5b66", "weight": 9}, "model": "basedata.valuelistitem", "pk": 276}, {"fields": {"status": true, "group_code": "S038", "code": "03", "group": 38, "name": "\u6cd5\u5b66", "weight": 9}, "model": "basedata.valuelistitem", "pk": 277}, {"fields": {"status": true, "group_code": "S038", "code": "04", "group": 38, "name": "\u6559\u80b2\u5b66", "weight": 9}, "model": "basedata.valuelistitem", "pk": 278}, {"fields": {"status": true, "group_code": "S038", "code": "05", "group": 38, "name": "\u6587\u5b66", "weight": 9}, "model": "basedata.valuelistitem", "pk": 279}, {"fields": {"status": true, "group_code": "S038", "code": "06", "group": 38, "name": "\u5386\u53f2\u5b66", "weight": 9}, "model": "basedata.valuelistitem", "pk": 280}, {"fields": {"status": true, "group_code": "S038", "code": "07", "group": 38, "name": "\u7406\u5b66", "weight": 9}, "model": "basedata.valuelistitem", "pk": 281}, {"fields": {"status": true, "group_code": "S038", "code": "08", "group": 38, "name": "\u5de5\u5b66", "weight": 9}, "model": "basedata.valuelistitem", "pk": 282}, {"fields": {"status": true, "group_code": "S038", "code": "09", "group": 38, "name": "\u519c\u5b66", "weight": 9}, "model": "basedata.valuelistitem", "pk": 283}, {"fields": {"status": true, "group_code": "S038", "code": "10", "group": 38, "name": "\u533b\u5b66", "weight": 9}, "model": "basedata.valuelistitem", "pk": 284}, {"fields": {"status": true, "group_code": "S038", "code": "11", "group": 38, "name": "\u519b\u4e8b\u5b66", "weight": 9}, "model": "basedata.valuelistitem", "pk": 285}, {"fields": {"status": true, "group_code": "S038", "code": "12", "group": 38, "name": "\u7ba1\u7406\u5b66", "weight": 9}, "model": "basedata.valuelistitem", "pk": 286}, {"fields": {"status": true, "group_code": "S038", "code": "14", "group": 38, "name": "\u5efa\u7b51\u5b66", "weight": 9}, "model": "basedata.valuelistitem", "pk": 287}, {"fields": {"status": true, "group_code": "S037", "code": "9", "group": 37, "name": "\u5176\u4ed6", "weight": 9}, "model": "basedata.valuelistitem", "pk": 288}, {"fields": {"status": true, "group_code": "S038", "code": "99", "group": 38, "name": "\u5176\u4ed6", "weight": 9}, "model": "basedata.valuelistitem", "pk": 289}, {"fields": {"status": true, "group_code": "S039", "code": "15", "group": 39, "name": "\u590d\u5458\u5e72\u90e8", "weight": 9}, "model": "basedata.valuelistitem", "pk": 290}, {"fields": {"status": true, "group_code": "S039", "code": "10", "group": 39, "name": "\u519b\u8f6c\u5e72\u90e8", "weight": 9}, "model": "basedata.valuelistitem", "pk": 291}, {"fields": {"status": true, "group_code": "S039", "code": "20", "group": 39, "name": "\u8f6c\u4e1a\u58eb\u5b98", "weight": 9}, "model": "basedata.valuelistitem", "pk": 292}, {"fields": {"status": true, "group_code": "S039", "code": "30", "group": 39, "name": "\u590d\u5458\u58eb\u5b98", "weight": 9}, "model": "basedata.valuelistitem", "pk": 293}, {"fields": {"status": true, "group_code": "S039", "code": "40", "group": 39, "name": "\u9000\u5f79\u58eb\u5175", "weight": 9}, "model": "basedata.valuelistitem", "pk": 294}, {"fields": {"status": true, "group_code": "S039", "code": "99", "group": 39, "name": "\u975e\u590d\u8f6c\u519b\u4eba", "weight": 9}, "model": "basedata.valuelistitem", "pk": 295}, {"fields": {"status": true, "group_code": "S040", "code": "1", "group": 40, "name": "\u515a\u59d4\uff08\u515a\u7ec4\uff09\u4e66\u8bb0", "weight": 9}, "model": "basedata.valuelistitem", "pk": 296}, {"fields": {"status": true, "group_code": "S040", "code": "2", "group": 40, "name": "\u515a\u59d4\uff08\u515a\u7ec4\uff09\u526f\u4e66\u8bb0", "weight": 9}, "model": "basedata.valuelistitem", "pk": 297}, {"fields": {"status": true, "group_code": "S040", "code": "3", "group": 40, "name": "\u515a\u59d4\u5e38\u59d4\uff08\u515a\u7ec4\u6210\u5458\uff09", "weight": 9}, "model": "basedata.valuelistitem", "pk": 298}, {"fields": {"status": true, "group_code": "S040", "code": "4", "group": 40, "name": "\u7eaa\u59d4\u4e66\u8bb0\uff08\u7eaa\u68c0\u7ec4\u7ec4\u957f\uff09", "weight": 9}, "model": "basedata.valuelistitem", "pk": 299}, {"fields": {"status": true, "group_code": "S040", "code": "6", "group": 40, "name": "\u5de5\u4f1a\u4e3b\u5e2d", "weight": 9}, "model": "basedata.valuelistitem", "pk": 300}, {"fields": {"status": true, "group_code": "S040", "code": "8", "group": 40, "name": "\u5176\u4ed6\u515a\u59d4\uff08\u515a\u7ec4\uff09\u8d1f\u8d23\u4eba", "weight": 9}, "model": "basedata.valuelistitem", "pk": 301}, {"fields": {"status": true, "group_code": "S040", "code": "9", "group": 40, "name": "\u975e\u515a\u59d4\u8d1f\u8d23\u4eba", "weight": 9}, "model": "basedata.valuelistitem", "pk": 302}, {"fields": {"status": true, "group_code": "S041", "code": "010101", "group": 41, "name": "\u8463\u4e8b\u957f", "weight": 9}, "model": "basedata.valuelistitem", "pk": 303}, {"fields": {"status": true, "group_code": "S041", "code": "010102", "group": 41, "name": "\u526f\u8463\u4e8b\u957f", "weight": 9}, "model": "basedata.valuelistitem", "pk": 304}, {"fields": {"status": true, "group_code": "S041", "code": "010103", "group": 41, "name": "\u8463\u4e8b", "weight": 9}, "model": "basedata.valuelistitem", "pk": 305}, {"fields": {"status": true, "group_code": "S041", "code": "010104", "group": 41, "name": "\u804c\u5de5\u8463\u4e8b", "weight": 9}, "model": "basedata.valuelistitem", "pk": 306}, {"fields": {"status": true, "group_code": "S041", "code": "0201", "group": 41, "name": "\u76d1\u4e8b\u4f1a\u4e3b\u5e2d", "weight": 9}, "model": "basedata.valuelistitem", "pk": 307}, {"fields": {"status": true, "group_code": "S041", "code": "0202", "group": 41, "name": "\u76d1\u4e8b\u4f1a\u526f\u4e3b\u5e2d", "weight": 9}, "model": "basedata.valuelistitem", "pk": 308}, {"fields": {"status": true, "group_code": "S041", "code": "0203", "group": 41, "name": "\u76d1\u4e8b", "weight": 9}, "model": "basedata.valuelistitem", "pk": 309}, {"fields": {"status": true, "group_code": "S041", "code": "0204", "group": 41, "name": "\u56fd\u8d44\u59d4\u6d3e\u51fa\u76d1\u4e8b", "weight": 9}, "model": "basedata.valuelistitem", "pk": 310}, {"fields": {"status": true, "group_code": "S041", "code": "0205", "group": 41, "name": "\u804c\u5de5\u76d1\u4e8b", "weight": 9}, "model": "basedata.valuelistitem", "pk": 311}, {"fields": {"status": true, "group_code": "S041", "code": "00", "group": 41, "name": "\u975e\u8463\u4e8b\u76d1\u4e8b", "weight": 9}, "model": "basedata.valuelistitem", "pk": 312}, {"fields": {"status": true, "group_code": "S042", "code": "00", "group": 42, "name": "\u975e\u7279\u6b8a\u5de5\u79cd", "weight": 9}, "model": "basedata.valuelistitem", "pk": 313}, {"fields": {"status": true, "group_code": "S042", "code": "11", "group": 42, "name": "\u6c7d\u673a\u8fd0\u884c\u503c\u73ed\u5de5", "weight": 9}, "model": "basedata.valuelistitem", "pk": 314}, {"fields": {"status": true, "group_code": "S042", "code": "12", "group": 42, "name": "\u9505\u7089\u8fd0\u884c\u503c\u73ed\u5de5", "weight": 9}, "model": "basedata.valuelistitem", "pk": 315}, {"fields": {"status": true, "group_code": "S042", "code": "13", "group": 42, "name": "\u71c3\u6599\u8fd0\u884c\u503c\u73ed\u5de5", "weight": 9}, "model": "basedata.valuelistitem", "pk": 316}, {"fields": {"status": true, "group_code": "S042", "code": "14", "group": 42, "name": "\u9505\u7089\u672c\u4f53\u68c0\u4fee\u5de5", "weight": 9}, "model": "basedata.valuelistitem", "pk": 317}, {"fields": {"status": true, "group_code": "S042", "code": "15", "group": 42, "name": "\u4fdd\u6e29\u5de5", "weight": 9}, "model": "basedata.valuelistitem", "pk": 318}, {"fields": {"status": true, "group_code": "S042", "code": "16", "group": 42, "name": "\u94a2\u7403\u78e8\u7164\u673a\u53ca\u5236\u7c89\u7cfb\u7edf\u68c0\u4fee\u5de5", "weight": 9}, "model": "basedata.valuelistitem", "pk": 319}, {"fields": {"status": true, "group_code": "S042", "code": "17", "group": 42, "name": "\u6c34\u8f6e\u673a\u68c0\u4fee\u5de5", "weight": 9}, "model": "basedata.valuelistitem", "pk": 320}, {"fields": {"status": true, "group_code": "S042", "code": "6", "group": 42, "name": "\u5176\u4ed6\uff08\u7531\u5730\u65b9\u793e\u4f1a\u4fdd\u969c\u90e8\u95e8\u8ba4\u53ef\u7684\u7279\u6b8a\u5de5\u79cd\uff09", "weight": 9}, "model": "basedata.valuelistitem", "pk": 321}, {"fields": {"status": true, "group_code": "S042", "code": "21", "group": 42, "name": "\u9505\u7089\u672c\u4f53\u5b89\u88c5\u5de5", "weight": 9}, "model": "basedata.valuelistitem", "pk": 322}, {"fields": {"status": true, "group_code": "S042", "code": "22", "group": 42, "name": "\u7ba1\u9053\u5b89\u88c5\u5de5", "weight": 9}, "model": "basedata.valuelistitem", "pk": 323}, {"fields": {"status": true, "group_code": "S042", "code": "23", "group": 42, "name": "\u7b51\u7089\u74e6\u5de5", "weight": 9}, "model": "basedata.valuelistitem", "pk": 324}, {"fields": {"status": true, "group_code": "S042", "code": "24", "group": 42, "name": "\u88c5\u6a21\u5de5", "weight": 9}, "model": "basedata.valuelistitem", "pk": 325}, {"fields": {"status": true, "group_code": "S042", "code": "31", "group": 42, "name": "\u6c34\u8f6e\u673a\u5b89\u88c5\u5de5", "weight": 9}, "model": "basedata.valuelistitem", "pk": 326}, {"fields": {"status": true, "group_code": "S042", "code": "32", "group": 42, "name": "\u91c7\u77f3\u5de5", "weight": 9}, "model": "basedata.valuelistitem", "pk": 327}, {"fields": {"status": true, "group_code": "S042", "code": "33", "group": 42, "name": "\u7206\u7834", "weight": 9}, "model": "basedata.valuelistitem", "pk": 328}, {"fields": {"status": true, "group_code": "S042", "code": "34", "group": 42, "name": "\u77f3\u6599\u7c89\u788e\u5de5", "weight": 9}, "model": "basedata.valuelistitem", "pk": 329}, {"fields": {"status": true, "group_code": "S042", "code": "35", "group": 42, "name": "\u6f5c\u6c34\u5458", "weight": 9}, "model": "basedata.valuelistitem", "pk": 330}, {"fields": {"status": true, "group_code": "S042", "code": "35", "group": 42, "name": "\u8f6e\u673a\u5de5", "weight": 9}, "model": "basedata.valuelistitem", "pk": 331}, {"fields": {"status": true, "group_code": "S042", "code": "37", "group": 42, "name": "\u6c34\u624b", "weight": 9}, "model": "basedata.valuelistitem", "pk": 332}, {"fields": {"status": true, "group_code": "S042", "code": "41", "group": 42, "name": "\u7ffb\u7802\u94f8\u9020\u5de5", "weight": 9}, "model": "basedata.valuelistitem", "pk": 333}, {"fields": {"status": true, "group_code": "S042", "code": "42", "group": 42, "name": "\u55b7\u7802\u5de5", "weight": 9}, "model": "basedata.valuelistitem", "pk": 334}, {"fields": {"status": true, "group_code": "S042", "code": "43", "group": 42, "name": "\u9540\u950c\u5de5", "weight": 9}, "model": "basedata.valuelistitem", "pk": 335}, {"fields": {"status": true, "group_code": "S042", "code": "44", "group": 42, "name": "\u7535\u9540\u5de5", "weight": 9}, "model": "basedata.valuelistitem", "pk": 336}, {"fields": {"status": true, "group_code": "S042", "code": "45", "group": 42, "name": "\u5370\u5237\u7ebf\u8def\u5236\u677f\u5de5", "weight": 9}, "model": "basedata.valuelistitem", "pk": 337}, {"fields": {"status": true, "group_code": "S042", "code": "46", "group": 42, "name": "\u6d78\u6f06\u5de5", "weight": 9}, "model": "basedata.valuelistitem", "pk": 338}, {"fields": {"status": true, "group_code": "S042", "code": "47", "group": 42, "name": "\u7535\u710a\u6761\u5236\u4f5c\u5de5", "weight": 9}, "model": "basedata.valuelistitem", "pk": 339}, {"fields": {"status": true, "group_code": "S042", "code": "48", "group": 42, "name": "\u6ce8\u5851\u5de5", "weight": 9}, "model": "basedata.valuelistitem", "pk": 340}, {"fields": {"status": true, "group_code": "S042", "code": "49", "group": 42, "name": "\u94c6\u5de5", "weight": 9}, "model": "basedata.valuelistitem", "pk": 341}, {"fields": {"status": true, "group_code": "S042", "code": "51", "group": 42, "name": "\u6df7\u51dd\u571f\u5de5", "weight": 9}, "model": "basedata.valuelistitem", "pk": 342}, {"fields": {"status": true, "group_code": "S042", "code": "52", "group": 42, "name": "\u94a2\u7b4b\u5de5", "weight": 9}, "model": "basedata.valuelistitem", "pk": 343}, {"fields": {"status": true, "group_code": "S042", "code": "53", "group": 42, "name": "\u67b6\u5b50\u5de5", "weight": 9}, "model": "basedata.valuelistitem", "pk": 344}, {"fields": {"status": true, "group_code": "S042", "code": "54", "group": 42, "name": "\u63a8\u571f\u673a\u53f8\u673a", "weight": 9}, "model": "basedata.valuelistitem", "pk": 345}, {"fields": {"status": true, "group_code": "S042", "code": "55", "group": 42, "name": "\u6316\u571f\u673a\u53f8\u673a", "weight": 9}, "model": "basedata.valuelistitem", "pk": 346}, {"fields": {"status": true, "group_code": "S042", "code": "56", "group": 42, "name": "\u91cd\u578b\u8f7d\u91cd\u6c7d\u8f66\u53f8\u673a", "weight": 9}, "model": "basedata.valuelistitem", "pk": 347}, {"fields": {"status": true, "group_code": "S042", "code": "57", "group": 42, "name": "\u91ce\u5916\u52d8\u6d4b\u5de5", "weight": 9}, "model": "basedata.valuelistitem", "pk": 348}, {"fields": {"status": true, "group_code": "S042", "code": "58", "group": 42, "name": "\u6ca5\u9752\u5de5", "weight": 9}, "model": "basedata.valuelistitem", "pk": 349}, {"fields": {"status": true, "group_code": "S042", "code": "59", "group": 42, "name": "\u73af\u6c27\u6811\u8102\u5de5", "weight": 9}, "model": "basedata.valuelistitem", "pk": 350}, {"fields": {"status": true, "group_code": "S043", "code": "1", "group": 43, "name": "\u5065\u5eb7\u6216\u826f\u597d", "weight": 9}, "model": "basedata.valuelistitem", "pk": 351}, {"fields": {"status": true, "group_code": "S043", "code": "2", "group": 43, "name": "\u4e00\u822c\u6216\u8f83\u5f31", "weight": 9}, "model": "basedata.valuelistitem", "pk": 352}, {"fields": {"status": true, "group_code": "S043", "code": "3", "group": 43, "name": "\u6709\u6162\u6027\u75c5\uff08\u4e00\uff09", "weight": 9}, "model": "basedata.valuelistitem", "pk": 353}, {"fields": {"status": true, "group_code": "S043", "code": "4", "group": 43, "name": "\u6709\u6162\u6027\u75c5\uff08\u4e8c\uff09", "weight": 9}, "model": "basedata.valuelistitem", "pk": 354}, {"fields": {"status": true, "group_code": "S043", "code": "6", "group": 43, "name": "\u6b8b\u75be", "weight": 9}, "model": "basedata.valuelistitem", "pk": 355}, {"fields": {"status": true, "group_code": "S043", "code": "7", "group": 43, "name": "\u519b\u6b8b", "weight": 9}, "model": "basedata.valuelistitem", "pk": 356}, {"fields": {"status": true, "group_code": "S044", "code": "S", "group": 44, "name": "\u5185\u90e8\u670d\u52a1", "weight": 9}, "model": "basedata.valuelistitem", "pk": 357}, {"fields": {"status": true, "group_code": "S044", "code": "R", "group": 44, "name": "\u8bbe\u5907\u7ef4\u4fee", "weight": 9}, "model": "basedata.valuelistitem", "pk": 358}, {"fields": {"status": true, "group_code": "S044", "code": "Q", "group": 44, "name": "\u95ee\u9898\u54a8\u8be2", "weight": 9}, "model": "basedata.valuelistitem", "pk": 359}, {"fields": {"status": true, "group_code": "S045", "code": "HR", "group": 45, "name": "\u4eba\u4e8b", "weight": 1}, "model": "basedata.valuelistitem", "pk": 360}, {"fields": {"status": true, "group_code": "S045", "code": "FI", "group": 45, "name": "\u8d22\u52a1", "weight": 2}, "model": "basedata.valuelistitem", "pk": 361}, {"fields": {"status": true, "group_code": "S045", "code": "AD", "group": 45, "name": "\u884c\u653f", "weight": 4}, "model": "basedata.valuelistitem", "pk": 362}, {"fields": {"status": true, "group_code": "S045", "code": "MA", "group": 45, "name": "\u5e02\u573a", "weight": 4}, "model": "basedata.valuelistitem", "pk": 363}, {"fields": {"status": true, "group_code": "S045", "code": "BU", "group": 45, "name": "\u5546\u52a1", "weight": 5}, "model": "basedata.valuelistitem", "pk": 364}, {"fields": {"status": true, "group_code": "S045", "code": "CS", "group": 45, "name": "\u5ba2\u670d", "weight": 6}, "model": "basedata.valuelistitem", "pk": 365}, {"fields": {"status": true, "group_code": "S045", "code": "OT", "group": 45, "name": "\u5176\u4ed6", "weight": 7}, "model": "basedata.valuelistitem", "pk": 366}, {"fields": {"status": true, "group_code": "S046", "code": "NEW", "group": 46, "name": "\u65b0\u5efa", "weight": 9}, "model": "basedata.valuelistitem", "pk": 367}, {"fields": {"status": true, "group_code": "S046", "code": "SCHE", "group": 46, "name": "\u8c03\u5ea6", "weight": 9}, "model": "basedata.valuelistitem", "pk": 368}, {"fields": {"status": true, "group_code": "S046", "code": "PROC", "group": 46, "name": "\u5904\u7406", "weight": 9}, "model": "basedata.valuelistitem", "pk": 369}, {"fields": {"status": true, "group_code": "S046", "code": "CLOSE", "group": 46, "name": "\u5173\u95ed", "weight": 9}, "model": "basedata.valuelistitem", "pk": 370}, {"fields": {"status": true, "group_code": "S044", "code": "D", "group": 44, "name": "\u91c7\u8d2d\u7533\u8bf7", "weight": 9}, "model": "basedata.valuelistitem", "pk": 371}, {"fields": {"status": true, "group_code": "S047", "code": "0", "group": 47, "name": "\u65e0\u8bd5\u7528\u671f", "weight": 1}, "model": "basedata.valuelistitem", "pk": 372}, {"fields": {"status": true, "group_code": "S047", "code": "1", "group": 47, "name": "1\u4e2a\u6708", "weight": 2}, "model": "basedata.valuelistitem", "pk": 373}, {"fields": {"status": true, "group_code": "S047", "code": "2", "group": 47, "name": "2\u4e2a\u6708", "weight": 2}, "model": "basedata.valuelistitem", "pk": 374}, {"fields": {"status": true, "group_code": "S047", "code": "3", "group": 47, "name": "3\u4e2a\u6708", "weight": 3}, "model": "basedata.valuelistitem", "pk": 375}, {"fields": {"status": true, "group_code": "S047", "code": "4", "group": 47, "name": "4\u4e2a\u6708", "weight": 4}, "model": "basedata.valuelistitem", "pk": 376}, {"fields": {"status": true, "group_code": "S047", "code": "5", "group": 47, "name": "5\u4e2a\u6708", "weight": 5}, "model": "basedata.valuelistitem", "pk": 377}, {"fields": {"status": true, "group_code": "S047", "code": "6", "group": 47, "name": "6\u4e2a\u6708", "weight": 6}, "model": "basedata.valuelistitem", "pk": 378}, {"fields": {"status": true, "group_code": "S047", "code": "12", "group": 47, "name": "1\u5e74", "weight": 12}, "model": "basedata.valuelistitem", "pk": 379}, {"fields": {"status": true, "group_code": "S048", "code": "10", "group": 48, "name": "\u5de5\u8d44", "weight": 9}, "model": "basedata.valuelistitem", "pk": 380}, {"fields": {"status": true, "group_code": "S048", "code": "20", "group": 48, "name": "\u793e\u4fdd", "weight": 9}, "model": "basedata.valuelistitem", "pk": 381}, {"fields": {"status": true, "group_code": "S048", "code": "30", "group": 48, "name": "\u5956\u91d1", "weight": 9}, "model": "basedata.valuelistitem", "pk": 382}, {"fields": {"status": true, "group_code": "S048", "code": "40", "group": 48, "name": "\u798f\u5229", "weight": 9}, "model": "basedata.valuelistitem", "pk": 383}, {"fields": {"status": true, "group_code": "S048", "code": "99", "group": 48, "name": "\u5176\u4ed6", "weight": 9}, "model": "basedata.valuelistitem", "pk": 384}, {"fields": {"status": true, "group_code": "S049", "code": "+", "group": 49, "name": "\u589e\u52a0", "weight": 9}, "model": "basedata.valuelistitem", "pk": 385}, {"fields": {"status": true, "group_code": "S049", "code": "-", "group": 49, "name": "\u6263\u6b3e", "weight": 9}, "model": "basedata.valuelistitem", "pk": 386}, {"fields": {"status": true, "group_code": "S050", "code": "10", "group": 50, "name": "\u56fa\u5b9a\u503c", "weight": 9}, "model": "basedata.valuelistitem", "pk": 387}, {"fields": {"status": true, "group_code": "S050", "code": "20", "group": 50, "name": "\u6bd4\u4f8b\u503c", "weight": 9}, "model": "basedata.valuelistitem", "pk": 388}, {"fields": {"status": true, "group_code": "S050", "code": "30", "group": 50, "name": "\u8ba1\u7b97\u503c", "weight": 9}, "model": "basedata.valuelistitem", "pk": 390}, {"fields": {"status": true, "group_code": "S051", "code": "10", "group": 51, "name": "\u4e2a\u4eba\u8f9e\u804c", "weight": 9}, "model": "basedata.valuelistitem", "pk": 391}, {"fields": {"status": true, "group_code": "S051", "code": "20", "group": 51, "name": "\u5408\u540c\u5230\u671f", "weight": 9}, "model": "basedata.valuelistitem", "pk": 392}, {"fields": {"status": true, "group_code": "S051", "code": "30", "group": 51, "name": "\u516c\u53f8\u8f9e\u9000", "weight": 9}, "model": "basedata.valuelistitem", "pk": 393}, {"fields": {"status": true, "group_code": "S051", "code": "40", "group": 51, "name": "\u4eba\u5458\u6b7b\u4ea1", "weight": 9}, "model": "basedata.valuelistitem", "pk": 394}, {"fields": {"status": true, "group_code": "S051", "code": "50", "group": 51, "name": "\u6cd5\u5b9a\u9000\u4f11", "weight": 9}, "model": "basedata.valuelistitem", "pk": 395}, {"fields": {"status": true, "group_code": "S051", "code": "60", "group": 51, "name": "\u5176\u4ed6", "weight": 9}, "model": "basedata.valuelistitem", "pk": 396}, {"fields": {"status": true, "group_code": "S045", "code": "PO", "group": 45, "name": "\u91c7\u8d2d", "weight": 3}, "model": "basedata.valuelistitem", "pk": 397}, {"fields": {"status": true, "group_code": "S052", "code": "0.00", "group": 52, "name": "0%", "weight": 9}, "model": "basedata.valuelistitem", "pk": 398}, {"fields": {"status": true, "group_code": "S052", "code": "0.03", "group": 52, "name": "3%", "weight": 9}, "model": "basedata.valuelistitem", "pk": 399}, {"fields": {"status": true, "group_code": "S052", "code": "0.05", "group": 52, "name": "5%", "weight": 9}, "model": "basedata.valuelistitem", "pk": 400}, {"fields": {"status": true, "group_code": "S052", "code": "0.07", "group": 52, "name": "7%", "weight": 9}, "model": "basedata.valuelistitem", "pk": 401}, {"fields": {"status": true, "group_code": "S052", "code": "0.10", "group": 52, "name": "10%", "weight": 9}, "model": "basedata.valuelistitem", "pk": 402}, {"fields": {"status": true, "group_code": "S052", "code": "0.17", "group": 52, "name": "17%", "weight": 9}, "model": "basedata.valuelistitem", "pk": 403}, {"fields": {"status": true, "group_code": "S053", "code": "10", "group": 53, "name": "\u666e\u901a\u53d1\u7968", "weight": 9}, "model": "basedata.valuelistitem", "pk": 404}, {"fields": {"status": true, "group_code": "S053", "code": "20", "group": 53, "name": "\u589e\u503c\u7a0e\u4e13\u7528\u53d1\u7968", "weight": 9}, "model": "basedata.valuelistitem", "pk": 405}, {"fields": {"status": true, "group_code": "S053", "code": "30", "group": 53, "name": "\u4e13\u4e1a\u53d1\u7968", "weight": 9}, "model": "basedata.valuelistitem", "pk": 406}, {"fields": {"status": true, "group_code": "S054", "code": "10", "group": 54, "name": "\u751f\u4ea7\u7269\u6599", "weight": 9}, "model": "basedata.valuelistitem", "pk": 407}, {"fields": {"status": true, "group_code": "S054", "code": "20", "group": 54, "name": "\u5efa\u7b51\u7269/\u57f9\u8bad\u5ba4", "weight": 9}, "model": "basedata.valuelistitem", "pk": 408}, {"fields": {"status": true, "group_code": "S054", "code": "30", "group": 54, "name": "\u5458\u5de5\u5bbf\u820d", "weight": 9}, "model": "basedata.valuelistitem", "pk": 409}, {"fields": {"status": true, "group_code": "S054", "code": "40", "group": 54, "name": "\u5de5\u5361/\u996d\u5361", "weight": 9}, "model": "basedata.valuelistitem", "pk": 410}, {"fields": {"status": true, "group_code": "S054", "code": "50", "group": 54, "name": "\u8f66\u8f86", "weight": 9}, "model": "basedata.valuelistitem", "pk": 411}, {"fields": {"status": true, "group_code": "S054", "code": "60", "group": 54, "name": "\u56fe\u4e66", "weight": 9}, "model": "basedata.valuelistitem", "pk": 412}, {"fields": {"status": true, "group_code": "S054", "code": "70", "group": 54, "name": "\u5de5\u4f4d", "weight": 9}, "model": "basedata.valuelistitem", "pk": 413}, {"fields": {"status": true, "group_code": "S054", "code": "80", "group": 54, "name": "\u5de5\u5355\u670d\u52a1", "weight": 9}, "model": "basedata.valuelistitem", "pk": 414}, {"fields": {"status": true, "group_code": "S054", "code": "11", "group": 54, "name": "\u529e\u516c\u7528\u54c1", "weight": 9}, "model": "basedata.valuelistitem", "pk": 415}, {"fields": {"begin": null, "code": "C1001", "end": null, "name": "\u4e2d\u56fd\u8239\u8236\u91cd\u5de5\u4e1a\u96c6\u56e2", "creator": null, "pinyin": "cdt", "memo": "", "creation": "2015-06-27T22:27:23", "tax_account": "\u5317\u4eac\u94f6\u884c\u6d77\u6dc0\u652f\u884c 330291837", "phone": "13813898213", "partner_type": "C", "short": "\u4e2d\u8239\u96c6\u56e2", "contacts": "\u5468\u5f3a", "modification": "2015-06-29T22:01:03", "org": null, "modifier": "chengcai", "tax_address": "\u5317\u4eac\u5e02\u6d77\u6dc0\u533a10\u53f7", "tax_num": "10111293847", "level": "A"}, "model": "basedata.partner", "pk": 17}, {"fields": {"begin": "2015-06-30", "code": "90018", "end": "9999-12-31", "name": "\u4eac\u4e1c\u5546\u57ce", "creator": "chengcai", "pinyin": "", "memo": "", "creation": "2015-06-30T20:22:27", "tax_account": "", "phone": "", "partner_type": "S", "short": "", "contacts": "", "modification": "2015-06-30T20:22:27", "org": null, "modifier": null, "tax_address": "", "tax_num": "", "level": "A"}, "model": "basedata.partner", "pk": 18}, {"fields": {"begin": null, "end": null, "org": 1, "creator": null, "memo": "", "creation": "2015-06-14T18:08:21", "account": "2335635412398092", "partner": null, "modification": "2015-06-14T18:08:21", "title": "\u676d\u5dde\u94f6\u884c", "modifier": null}, "model": "basedata.bankaccount", "pk": 2}, {"fields": {"status": true, "code": "ge", "name": "\u4e2a"}, "model": "basedata.measure", "pk": 1}, {"fields": {"status": true, "code": "zhi", "name": "\u53ea"}, "model": "basedata.measure", "pk": 2}, {"fields": {"status": true, "code": "kg", "name": "\u5343\u514b"}, "model": "basedata.measure", "pk": 3}, {"fields": {"status": true, "code": "t", "name": "\u5428"}, "model": "basedata.measure", "pk": 4}, {"fields": {"status": true, "code": "g", "name": "\u514b"}, "model": "basedata.measure", "pk": 5}, {"fields": {"status": true, "code": "gen", "name": "\u6839"}, "model": "basedata.measure", "pk": 6}, {"fields": {"status": true, "code": "xi", "name": "\u7bb1"}, "model": "basedata.measure", "pk": 7}, {"fields": {"status": true, "code": "CI", "name": "\u6b21"}, "model": "basedata.measure", "pk": 8}, {"fields": {"status": true, "code": "TAI", "name": "\u53f0"}, "model": "basedata.measure", "pk": 9}, {"fields": {"memo": "", "code": "A", "name": "\u519c\u3001\u6797\u3001\u7267\u3001\u6e14\u4e1a", "parent": null}, "model": "basedata.trade", "pk": 1}, {"fields": {"memo": "", "code": "B", "name": "\u91c7\u77ff\u4e1a", "parent": null}, "model": "basedata.trade", "pk": 2}, {"fields": {"memo": "", "code": "C", "name": "\u5236\u9020\u4e1a", "parent": null}, "model": "basedata.trade", "pk": 3}, {"fields": {"memo": "", "code": "D", "name": "\u7535\u529b\u3001\u71c3\u6c14\u53ca\u6c34\u7684\u751f\u4ea7\u548c\u4f9b\u5e94\u4e1a", "parent": null}, "model": "basedata.trade", "pk": 4}, {"fields": {"memo": "", "code": "E", "name": "\u5efa\u7b51\u4e1a", "parent": null}, "model": "basedata.trade", "pk": 5}, {"fields": {"memo": "", "code": "F", "name": "\u4ea4\u901a\u8fd0\u8f93\u3001\u4ed3\u50a8\u548c\u90ae\u653f\u4e1a", "parent": null}, "model": "basedata.trade", "pk": 6}, {"fields": {"memo": "", "code": "G", "name": "\u4fe1\u606f\u4f20\u8f93\u3001\u8ba1\u7b97\u673a\u670d\u52a1\u548c\u8f6f\u4ef6\u4e1a", "parent": null}, "model": "basedata.trade", "pk": 7}, {"fields": {"memo": "", "code": "H", "name": "\u6279\u53d1\u548c\u96f6\u552e\u4e1a", "parent": null}, "model": "basedata.trade", "pk": 8}, {"fields": {"memo": "", "code": "I", "name": "\u4f4f\u5bbf\u548c\u9910\u996e\u4e1a", "parent": null}, "model": "basedata.trade", "pk": 9}, {"fields": {"memo": "", "code": "J", "name": "\u91d1\u878d\u4e1a", "parent": null}, "model": "basedata.trade", "pk": 10}, {"fields": {"memo": "", "code": "K", "name": "\u623f\u5730\u4ea7\u4e1a", "parent": null}, "model": "basedata.trade", "pk": 11}, {"fields": {"memo": "", "code": "L", "name": "\u79df\u8d41\u548c\u5546\u52a1\u670d\u52a1\u4e1a", "parent": null}, "model": "basedata.trade", "pk": 12}, {"fields": {"memo": "", "code": "M", "name": "\u79d1\u5b66\u7814\u7a76\u3001\u6280\u672f\u670d\u52a1\u548c\u5730\u8d28\u52d8\u67e5\u4e1a", "parent": null}, "model": "basedata.trade", "pk": 13}, {"fields": {"memo": "", "code": "N", "name": "\u6c34\u5229\u3001\u73af\u5883\u548c\u516c\u5171\u8bbe\u65bd\u7ba1\u7406\u4e1a", "parent": null}, "model": "basedata.trade", "pk": 14}, {"fields": {"memo": "", "code": "O", "name": "\u5c45\u6c11\u670d\u52a1\u548c\u5176\u4ed6\u670d\u52a1\u4e1a", "parent": null}, "model": "basedata.trade", "pk": 15}, {"fields": {"memo": "", "code": "P", "name": "\u6559\u80b2", "parent": null}, "model": "basedata.trade", "pk": 16}, {"fields": {"memo": "", "code": "Q", "name": "\u536b\u751f\u3001\u793e\u4f1a\u4fdd\u969c\u548c\u793e\u4f1a\u798f\u5229\u4e1a", "parent": null}, "model": "basedata.trade", "pk": 17}, {"fields": {"memo": "", "code": "R", "name": "\u6587\u5316\u3001\u4f53\u80b2\u548c\u5a31\u4e50\u4e1a", "parent": null}, "model": "basedata.trade", "pk": 18}, {"fields": {"memo": "", "code": "S", "name": "\u516c\u5171\u7ba1\u7406\u548c\u793e\u4f1a\u7ec4\u7ec7", "parent": null}, "model": "basedata.trade", "pk": 19}, {"fields": {"memo": "", "code": "T", "name": "\u56fd\u9645\u7ec4\u7ec7", "parent": null}, "model": "basedata.trade", "pk": 20}, {"fields": {"pinyin": "", "name": "LENOVO-\u8054\u60f3", "weight": 99, "trade": null}, "model": "basedata.brand", "pk": 1}, {"fields": {"pinyin": "", "name": "DELL", "weight": 99, "trade": 3}, "model": "basedata.brand", "pk": 2}, {"fields": {"path": "", "code": "F01", "name": "\u5185\u90e8\u670d\u52a1", "parent": null, "trade": null}, "model": "basedata.category", "pk": 1}, {"fields": {"path": "", "code": "F02", "name": "\u529e\u516c\u8bbe\u5907", "parent": null, "trade": null}, "model": "basedata.category", "pk": 2}, {"fields": {"path": "\u529e\u516c\u8bbe\u5907", "code": "F03", "name": "\u7b14\u8bb0\u672c\u7535\u8111", "parent": 2, "trade": null}, "model": "basedata.category", "pk": 3}, {"fields": {"code": "IT00001", "creator": "zhugl", "creation": "2015-05-22T22:03:36", "stock_price": null, "is_virtual": true, "measure": [8], "category": 1, "end": "9999-12-31", "tp": "80", "warehouse": 2, "sale_price": null, "purchase_price": null, "status": true, "begin": "2015-05-22", "pinyin": null, "brand": null, "barcode": "", "modification": "2015-06-29T21:18:44", "org": null, "name": "\u51fa\u5dee\u7533\u8bf7", "can_sale": false, "spec": "\u5dee\u65c5\u3010\u8d39\u7528\u62a5\u9500\u3011\u9700\u6709\u51fa\u5dee\u7533\u8bf7", "is_equip": false, "modifier": "chengcai"}, "model": "basedata.material", "pk": 1}, {"fields": {"code": "IT00002", "creator": "zhugl", "creation": "2015-05-23T07:47:02", "stock_price": "4512.8205", "is_virtual": false, "measure": [9], "category": 3, "end": "9999-12-31", "tp": "10", "warehouse": 3, "sale_price": null, "purchase_price": "5280.0000", "status": true, "begin": "2015-05-23", "pinyin": null, "brand": 2, "barcode": "", "modification": "2015-06-14T13:33:05", "org": null, "name": "\u6234\u5c14\uff08DELL\uff09Inspiron 3455-R1248 \u7075\u8d8a23.8\u82f1\u5bf8\u4e00\u4f53\u7535\u8111 ", "can_sale": false, "spec": "E2-7110 4G 500G WIFI \u84dd\u7259 WIN8.1 3\u5e74\u4e0a\u95e8", "is_equip": true, "modifier": null}, "model": "basedata.material", "pk": 2}, {"fields": {"code": "IT00003", "creator": "zhugl", "creation": "2015-05-24T15:13:47", "stock_price": null, "is_virtual": true, "measure": [8], "category": 1, "end": "9999-12-31", "tp": "80", "warehouse": null, "sale_price": null, "purchase_price": null, "status": true, "begin": "2015-05-24", "pinyin": null, "brand": null, "barcode": "", "modification": "2015-06-29T21:23:43", "org": null, "name": "\u7528\u8f66\u7533\u8bf7", "can_sale": false, "spec": "\u8bf7\u63d0\u524d24\u5c0f\u65f6\u7533\u8bf7", "is_equip": false, "modifier": "chengcai"}, "model": "basedata.material", "pk": 3}, {"fields": {"code": "IT00004", "creator": "zhugl", "creation": "2015-06-03T21:23:43", "stock_price": "27.3504", "is_virtual": false, "measure": [1], "category": null, "end": "9999-12-31", "tp": "10", "warehouse": null, "sale_price": null, "purchase_price": "32.0000", "status": true, "begin": "2015-06-03", "pinyin": null, "brand": null, "barcode": "", "modification": "2015-07-17T12:29:02", "org": null, "name": "\u798f\u5149\u676f\u5b50", "can_sale": false, "spec": "500ml \u771f\u7a7a\u4fdd\u6e29", "is_equip": false, "modifier": "caojufang"}, "model": "basedata.material", "pk": 4}, {"fields": {"code": "IT00005", "creator": "zhugl", "creation": "2015-06-03T21:43:33", "stock_price": null, "is_virtual": false, "measure": [1], "category": null, "end": "9999-12-31", "tp": "10", "warehouse": null, "sale_price": null, "purchase_price": null, "status": true, "begin": "2015-06-03", "pinyin": null, "brand": null, "barcode": "", "modification": "2015-06-03T21:43:33", "org": null, "name": "\u624b\u5957", "can_sale": true, "spec": "", "is_equip": false, "modifier": null}, "model": "basedata.material", "pk": 5}, {"fields": {"code": "IT00006", "creator": "zhugl", "creation": "2015-06-11T22:36:17", "stock_price": null, "is_virtual": false, "measure": [1], "category": null, "end": "9999-12-31", "tp": "20", "warehouse": null, "sale_price": null, "purchase_price": null, "status": true, "begin": "2015-06-11", "pinyin": null, "brand": null, "barcode": "", "modification": "2015-06-29T21:40:04", "org": null, "name": "2\u53f7\u697c3\u697c\u5927\u4f1a\u8bae\u5ba4", "can_sale": false, "spec": "\u6295\u5f71\u3001\u8bdd\u7b52\u3001\u89c6\u9891\u4f1a\u8bae\u3001\u767d\u677f", "is_equip": true, "modifier": "chengcai"}, "model": "basedata.material", "pk": 6}, {"fields": {"code": "IT9001", "creator": null, "creation": "2015-06-14T13:22:36", "stock_price": "5.6000", "is_virtual": false, "measure": [3], "category": null, "end": null, "tp": "10", "warehouse": 11, "sale_price": null, "purchase_price": null, "status": true, "begin": null, "pinyin": null, "brand": null, "barcode": null, "modification": "2015-06-14T13:22:54", "org": null, "name": "\u9655\u897f\u7ea2\u5bcc\u58eb\u82f9\u679c", "can_sale": true, "spec": "#80", "is_equip": false, "modifier": null}, "model": "basedata.material", "pk": 40}, {"fields": {"code": "IT9002", "creator": null, "creation": "2015-06-14T13:22:36", "stock_price": "8.2000", "is_virtual": false, "measure": [3], "category": null, "end": null, "tp": "10", "warehouse": 11, "sale_price": null, "purchase_price": null, "status": true, "begin": null, "pinyin": null, "brand": null, "barcode": null, "modification": "2015-06-14T13:22:54", "org": null, "name": "\u4e30\u6c34\u68a8", "can_sale": true, "spec": "#75", "is_equip": false, "modifier": null}, "model": "basedata.material", "pk": 41}, {"fields": {"code": "IT9003", "creator": null, "creation": "2015-06-14T13:22:36", "stock_price": "9.5000", "is_virtual": false, "measure": [3], "category": null, "end": null, "tp": "10", "warehouse": 11, "sale_price": null, "purchase_price": null, "status": true, "begin": null, "pinyin": null, "brand": null, "barcode": null, "modification": "2015-06-14T13:22:54", "org": null, "name": "\u51b0\u7cd6\u5fc3\u5bcc\u58eb", "can_sale": true, "spec": "#80", "is_equip": false, "modifier": null}, "model": "basedata.material", "pk": 42}, {"fields": {"code": "IT9004", "creator": null, "creation": "2015-06-14T13:22:36", "stock_price": "6.5000", "is_virtual": false, "measure": [3], "category": null, "end": null, "tp": "10", "warehouse": 11, "sale_price": null, "purchase_price": null, "status": true, "begin": null, "pinyin": null, "brand": null, "barcode": null, "modification": "2015-06-14T13:22:54", "org": null, "name": "\u5e38\u9999\u7389", "can_sale": true, "spec": "", "is_equip": false, "modifier": null}, "model": "basedata.material", "pk": 43}, {"fields": {"code": "IT9005", "creator": null, "creation": "2015-06-14T13:22:36", "stock_price": "7.8000", "is_virtual": false, "measure": [3], "category": null, "end": null, "tp": "10", "warehouse": 11, "sale_price": null, "purchase_price": null, "status": true, "begin": null, "pinyin": null, "brand": null, "barcode": null, "modification": "2015-06-14T13:22:54", "org": null, "name": "\u7800\u5c71\u68a8", "can_sale": true, "spec": "", "is_equip": false, "modifier": null}, "model": "basedata.material", "pk": 44}, {"fields": {"code": "IT9006", "creator": null, "creation": "2015-06-14T13:22:36", "stock_price": "6.9000", "is_virtual": false, "measure": [3], "category": null, "end": null, "tp": "10", "warehouse": 11, "sale_price": null, "purchase_price": null, "status": true, "begin": null, "pinyin": null, "brand": null, "barcode": null, "modification": "2015-06-14T13:22:54", "org": null, "name": "\u8d63\u5357\u6a59", "can_sale": true, "spec": "", "is_equip": false, "modifier": null}, "model": "basedata.material", "pk": 45}, {"fields": {"code": "IT9007", "creator": null, "creation": "2015-06-14T13:22:36", "stock_price": "12.6000", "is_virtual": false, "measure": [3], "category": null, "end": null, "tp": "10", "warehouse": 11, "sale_price": null, "purchase_price": null, "status": true, "begin": null, "pinyin": null, "brand": null, "barcode": null, "modification": "2015-06-14T13:22:54", "org": null, "name": "\u7ea2\u6bdb\u4e39", "can_sale": true, "spec": "", "is_equip": false, "modifier": null}, "model": "basedata.material", "pk": 46}, {"fields": {"code": "IT9008", "creator": null, "creation": "2015-06-14T13:22:36", "stock_price": "8.2000", "is_virtual": false, "measure": [3], "category": null, "end": null, "tp": "10", "warehouse": 11, "sale_price": null, "purchase_price": null, "status": true, "begin": null, "pinyin": null, "brand": null, "barcode": null, "modification": "2015-06-14T13:22:54", "org": null, "name": "\u7ea2\u5fc3\u706b\u9f99\u679c", "can_sale": true, "spec": "", "is_equip": false, "modifier": null}, "model": "basedata.material", "pk": 47}, {"fields": {"code": "IT9009", "creator": null, "creation": "2015-06-14T13:22:36", "stock_price": "8.9000", "is_virtual": false, "measure": [3], "category": null, "end": null, "tp": "10", "warehouse": 11, "sale_price": null, "purchase_price": null, "status": true, "begin": null, "pinyin": null, "brand": null, "barcode": null, "modification": "2015-06-14T13:22:54", "org": null, "name": "\u9ec4\u5723\u5973\u679c", "can_sale": true, "spec": "", "is_equip": false, "modifier": null}, "model": "basedata.material", "pk": 48}, {"fields": {"code": "IT9010", "creator": null, "creation": "2015-06-14T13:22:36", "stock_price": "14.6000", "is_virtual": false, "measure": [3], "category": null, "end": null, "tp": "10", "warehouse": 11, "sale_price": null, "purchase_price": null, "status": true, "begin": null, "pinyin": null, "brand": null, "barcode": null, "modification": "2015-06-14T13:22:54", "org": null, "name": "\u56fd\u4ea7\u67e0\u6aac", "can_sale": true, "spec": "", "is_equip": false, "modifier": null}, "model": "basedata.material", "pk": 49}, {"fields": {"code": "IT9981", "creator": null, "creation": "2015-06-17T21:29:52", "stock_price": null, "is_virtual": false, "measure": [], "category": null, "end": null, "tp": "10", "warehouse": null, "sale_price": "320.0000", "purchase_price": "210.4500", "status": true, "begin": null, "pinyin": null, "brand": null, "barcode": null, "modification": "2015-06-17T21:29:52", "org": null, "name": "PZ-30\u914d\u7535\u7bb1", "can_sale": true, "spec": "", "is_equip": false, "modifier": null}, "model": "basedata.material", "pk": 52}, {"fields": {"code": "IT5001", "creator": null, "creation": "2015-06-27T19:19:52", "stock_price": null, "is_virtual": false, "measure": [], "category": null, "end": null, "tp": "10", "warehouse": null, "sale_price": "7150.0000", "purchase_price": "6219.0000", "status": true, "begin": null, "pinyin": null, "brand": null, "barcode": null, "modification": "2015-06-27T19:19:52", "org": null, "name": "\u8054\u60f3T440\u7b14\u8bb0\u672c\u7535\u8111", "can_sale": true, "spec": "14\u5bf8\u53cc\u68384G\u5185\u5b581T\u786c\u76d8", "is_equip": false, "modifier": null}, "model": "basedata.material", "pk": 53}, {"fields": {"code": "IT5002", "creator": null, "creation": "2015-06-27T19:21:33", "stock_price": null, "is_virtual": false, "measure": [], "category": null, "end": null, "tp": "10", "warehouse": null, "sale_price": "9999.0000", "purchase_price": "8125.0000", "status": true, "begin": null, "pinyin": null, "brand": null, "barcode": null, "modification": "2015-06-27T19:21:33", "org": null, "name": "\u6234\u5c14M-10\u5854\u5f0f\u670d\u52a1\u5668", "can_sale": true, "spec": "9\u683816G\u5185\u5b58500G\u786c\u76d8", "is_equip": false, "modifier": null}, "model": "basedata.material", "pk": 54}, {"fields": {"code": "IT5003", "creator": null, "creation": "2015-06-27T20:06:15", "stock_price": "255.5556", "is_virtual": false, "measure": [], "category": null, "end": null, "tp": "10", "warehouse": null, "sale_price": null, "purchase_price": "299.0000", "status": true, "begin": null, "pinyin": null, "brand": null, "barcode": null, "modification": "2015-07-17T12:29:02", "org": null, "name": "\u683c\u529b\u7535\u98ce\u6247", "can_sale": true, "spec": "\u9065\u63a7\u529f\u80fd\uff0c1.2m\u9ad8", "is_equip": false, "modifier": null}, "model": "basedata.material", "pk": 55}, {"fields": {"code": "IT5004", "creator": null, "creation": "2015-06-27T20:58:04", "stock_price": null, "is_virtual": false, "measure": [], "category": null, "end": null, "tp": "10", "warehouse": null, "sale_price": null, "purchase_price": null, "status": true, "begin": null, "pinyin": null, "brand": null, "barcode": null, "modification": "2015-06-27T20:58:04", "org": null, "name": "\u8fdb\u53e3\u7ea2\u86c7\u679c", "can_sale": true, "spec": "#85", "is_equip": false, "modifier": null}, "model": "basedata.material", "pk": 56}, {"fields": {"code": "IT00057", "creator": "chengcai", "creation": "2015-06-29T21:02:51", "stock_price": null, "is_virtual": true, "measure": [8], "category": null, "end": "9999-12-31", "tp": "80", "warehouse": 2, "sale_price": null, "purchase_price": null, "status": true, "begin": "2015-06-29", "pinyin": null, "brand": null, "barcode": "", "modification": "2015-06-29T21:16:37", "org": null, "name": "\u52a0\u73ed\u7533\u8bf7", "can_sale": false, "spec": "\u52a0\u73ed\u65f6\u957f\u53ef\u8c03\u4f11", "is_equip": false, "modifier": "chengcai"}, "model": "basedata.material", "pk": 57}, {"fields": {"code": "IT00058", "creator": "chengcai", "creation": "2015-06-29T21:03:37", "stock_price": null, "is_virtual": true, "measure": [8], "category": null, "end": "9999-12-31", "tp": "80", "warehouse": 2, "sale_price": null, "purchase_price": null, "status": true, "begin": "2015-06-29", "pinyin": null, "brand": null, "barcode": "", "modification": "2015-06-29T21:16:46", "org": null, "name": "\u8c03\u4f11\u7533\u8bf7", "can_sale": false, "spec": "\u8c03\u4f11\u7533\u8bf7\u9700\u8981\u6709\u52a0\u73ed\u5355\u636e\uff0c\u8bf7\u5728\u3010\u53c2\u8003\u5de5\u5355\u3011\u4e2d\u9009\u62e9\u52a0\u73ed\u5355\u636e", "is_equip": false, "modifier": "chengcai"}, "model": "basedata.material", "pk": 58}, {"fields": {"code": "IT00059", "creator": "chengcai", "creation": "2015-06-29T21:06:13", "stock_price": null, "is_virtual": true, "measure": [8], "category": null, "end": "9999-12-31", "tp": "80", "warehouse": 2, "sale_price": null, "purchase_price": null, "status": true, "begin": "2015-06-29", "pinyin": null, "brand": null, "barcode": "", "modification": "2015-06-29T21:16:56", "org": null, "name": "\u4f11\u5047\u7533\u8bf7", "can_sale": false, "spec": "\u8bf7\u6ce8\u660e\u4f11\u5047\u7c7b\u522b\uff1a\u5e74\u5047\u3001\u75c5\u5047\u3001\u4e8b\u5047\u3001\u5a5a\u5047\u3001\u4e27\u5047\u3001\u63a2\u4eb2\u5047", "is_equip": false, "modifier": "chengcai"}, "model": "basedata.material", "pk": 59}, {"fields": {"code": "IT00060", "creator": "chengcai", "creation": "2015-06-29T21:13:47", "stock_price": null, "is_virtual": true, "measure": [8], "category": null, "end": "9999-12-31", "tp": "80", "warehouse": 2, "sale_price": null, "purchase_price": null, "status": true, "begin": "2015-06-29", "pinyin": null, "brand": null, "barcode": "", "modification": "2015-06-29T21:27:04", "org": null, "name": "\u5165\u804c\u529e\u7406", "can_sale": false, "spec": "\u5458\u5de5\u5165\u804c\u529e\u7406\u624b\u7eed", "is_equip": false, "modifier": "chengcai"}, "model": "basedata.material", "pk": 60}, {"fields": {"code": "IT00061", "creator": "chengcai", "creation": "2015-06-29T21:22:36", "stock_price": null, "is_virtual": true, "measure": [8], "category": null, "end": "9999-12-31", "tp": "80", "warehouse": 2, "sale_price": null, "purchase_price": null, "status": true, "begin": "2015-06-29", "pinyin": null, "brand": null, "barcode": "", "modification": "2015-06-29T22:02:04", "org": null, "name": "\u7528\u5370\u7533\u8bf7", "can_sale": false, "spec": "\u516c\u7ae0\u3001\u6cd5\u4eba\u7ae0\u3001\u4eba\u4e8b\u7ae0\u3001\u8d22\u52a1\u7ae0\u3001\u5408\u540c\u7ae0\u3001\u6295\u6807\u7ae0\u3001\u91c7\u8d2d\u7ae0", "is_equip": false, "modifier": "chengcai"}, "model": "basedata.material", "pk": 61}, {"fields": {"code": "IT00062", "creator": "chengcai", "creation": "2015-06-29T21:33:14", "stock_price": null, "is_virtual": true, "measure": [8], "category": 1, "end": "9999-12-31", "tp": "80", "warehouse": 2, "sale_price": null, "purchase_price": null, "status": true, "begin": "2015-06-29", "pinyin": null, "brand": null, "barcode": "", "modification": "2015-06-29T21:42:26", "org": null, "name": "\u6536\u5165\u8bc1\u660e", "can_sale": false, "spec": "\u6536\u5165\u8bc1\u660e\u6709\u6548\u671f\u4e3a2\u4e2a\u6708", "is_equip": false, "modifier": "chengcai"}, "model": "basedata.material", "pk": 62}, {"fields": {"code": "IT00063", "creator": "chengcai", "creation": "2015-06-29T21:38:11", "stock_price": null, "is_virtual": true, "measure": [8], "category": null, "end": "9999-12-31", "tp": "80", "warehouse": 2, "sale_price": null, "purchase_price": null, "status": true, "begin": "2015-06-29", "pinyin": null, "brand": null, "barcode": "", "modification": "2015-06-30T20:07:48", "org": null, "name": "\u79bb\u804c\u529e\u7406", "can_sale": false, "spec": "\u8bf7\u63d0\u524d30\u5929\u63d0\u51fa\u7533\u8bf7", "is_equip": false, "modifier": "chengcai"}, "model": "basedata.material", "pk": 63}, {"fields": {"code": "IT00064", "creator": "chengcai", "creation": "2015-06-30T20:09:12", "stock_price": null, "is_virtual": true, "measure": [8], "category": null, "end": "9999-12-31", "tp": "80", "warehouse": null, "sale_price": null, "purchase_price": null, "status": true, "begin": "2015-06-30", "pinyin": null, "brand": null, "barcode": "", "modification": "2015-06-30T20:09:12", "org": null, "name": "\u57f9\u8bad\u7533\u8bf7", "can_sale": false, "spec": "\u5916\u90e8\u57f9\u8bad3000\u5143\u4ee5\u4e0a\u9700\u7b7e\u8ba2\u670d\u52a1\u671f\u534f\u8bae", "is_equip": false, "modifier": null}, "model": "basedata.material", "pk": 64}, {"fields": {"data_source": "", "material": 1, "name": "\u51fa\u53d1\u65e5\u671f", "data_type": "DATE"}, "model": "basedata.extraparam", "pk": 1}, {"fields": {"data_source": "", "material": 1, "name": "\u9884\u8ba1\u8fd4\u56de\u65e5\u671f", "data_type": "DATE"}, "model": "basedata.extraparam", "pk": 2}, {"fields": {"data_source": "S043", "material": 1, "name": "\u76ee\u7684\u5730", "data_type": "CHAR"}, "model": "basedata.extraparam", "pk": 3}, {"fields": {"data_source": "", "material": 3, "name": "\u8d77\u59cb\u91cc\u7a0b", "data_type": "NUM"}, "model": "basedata.extraparam", "pk": 4}, {"fields": {"data_source": "", "material": 3, "name": "\u7ed3\u675f\u91cc\u7a0b", "data_type": "NUM"}, "model": "basedata.extraparam", "pk": 5}, {"fields": {"data_source": "", "material": 3, "name": "\u6240\u7528\u91cc\u7a0b", "data_type": "NUM"}, "model": "basedata.extraparam", "pk": 6}, {"fields": {"data_source": "", "material": 3, "name": "\u76ee\u7684\u5730", "data_type": "CHAR"}, "model": "basedata.extraparam", "pk": 7}, {"fields": {"data_source": "", "material": 57, "name": "\u52a0\u73ed\u65f6\u957f\uff08\u5c0f\u65f6\uff09", "data_type": "NUM"}, "model": "basedata.extraparam", "pk": 8}, {"fields": {"data_source": "", "material": 58, "name": "\u8c03\u4f11\u65f6\u957f\uff08\u5c0f\u65f6\uff09", "data_type": "NUM"}, "model": "basedata.extraparam", "pk": 9}, {"fields": {"data_source": "", "material": 59, "name": "\u4f11\u5047\u65f6\u957f\uff08\u5c0f\u65f6\uff09", "data_type": "NUM"}, "model": "basedata.extraparam", "pk": 10}, {"fields": {"data_source": "", "material": 60, "name": "\u5de5\u5361/\u996d\u5361/\u95e8\u7981\u5361", "data_type": "CHAR"}, "model": "basedata.extraparam", "pk": 11}, {"fields": {"data_source": "", "material": 60, "name": "\u8ba1\u7b97\u673a\u7f16\u53f7/IP\u5730\u5740", "data_type": "CHAR"}, "model": "basedata.extraparam", "pk": 12}, {"fields": {"data_source": "", "material": 60, "name": "\u5458\u5de5\u624b\u518c/\u4fdd\u5bc6\u57f9\u8bad", "data_type": "CHAR"}, "model": "basedata.extraparam", "pk": 13}, {"fields": {"data_source": "", "material": 60, "name": "\u529e\u516c\u7528\u54c1", "data_type": "CHAR"}, "model": "basedata.extraparam", "pk": 14}, {"fields": {"data_source": "", "material": 60, "name": "\u5de5\u4f4d\u5b89\u6392", "data_type": "CHAR"}, "model": "basedata.extraparam", "pk": 15}, {"fields": {"data_source": "", "material": 60, "name": "\u5bbf\u820d\u5b89\u6392", "data_type": "CHAR"}, "model": "basedata.extraparam", "pk": 16}, {"fields": {"data_source": "", "material": 60, "name": "ERP\u7cfb\u7edf/\u5e10\u53f7", "data_type": "CHAR"}, "model": "basedata.extraparam", "pk": 17}, {"fields": {"data_source": "", "material": 60, "name": "\u90ae\u7bb1\u5f00\u901a/\u90ae\u7bb1\u5730\u5740", "data_type": "CHAR"}, "model": "basedata.extraparam", "pk": 18}, {"fields": {"data_source": "", "material": 62, "name": "\u8d37\u6b3e\u94f6\u884c\u62ac\u5934", "data_type": "CHAR"}, "model": "basedata.extraparam", "pk": 19}, {"fields": {"data_source": "", "material": 63, "name": "\u85aa\u6c34\u622a\u6b62\u65e5\u671f", "data_type": "CHAR"}, "model": "basedata.extraparam", "pk": 20}, {"fields": {"data_source": "", "material": 63, "name": "\u793e\u4fdd\u53ca\u516c\u79ef\u91d1\u529e\u7406", "data_type": "CHAR"}, "model": "basedata.extraparam", "pk": 21}, {"fields": {"data_source": "", "material": 63, "name": "\u5de5\u5361/\u95e8\u7981\u5361/\u996d\u5361\u56de\u6536", "data_type": "CHAR"}, "model": "basedata.extraparam", "pk": 22}, {"fields": {"data_source": "", "material": 63, "name": "ERP\u7cfb\u7edf/\u5e10\u53f7\u505c\u7528", "data_type": "CHAR"}, "model": "basedata.extraparam", "pk": 23}, {"fields": {"data_source": "", "material": 63, "name": "\u90ae\u7bb1\u5e10\u53f7\u505c\u7528", "data_type": "CHAR"}, "model": "basedata.extraparam", "pk": 24}, {"fields": {"data_source": "", "material": 63, "name": "\u8ba1\u7b97\u673a/IP\u5730\u5740\u6ce8\u9500", "data_type": "CHAR"}, "model": "basedata.extraparam", "pk": 25}, {"fields": {"data_source": "", "material": 63, "name": "\u5de5\u4f5c\u5185\u5bb9\u4ea4\u63a5", "data_type": "CHAR"}, "model": "basedata.extraparam", "pk": 26}, {"fields": {"data_source": "", "material": 63, "name": "\u79bb\u804c\u8bc1\u660e\u5f00\u5177", "data_type": "CHAR"}, "model": "basedata.extraparam", "pk": 27}, {"fields": {"data_source": "", "material": 64, "name": "\u57f9\u8bad\u8bfe\u7a0b", "data_type": "CHAR"}, "model": "basedata.extraparam", "pk": 28}, {"fields": {"data_source": "", "material": 64, "name": "\u57f9\u8bad\u673a\u6784", "data_type": "CHAR"}, "model": "basedata.extraparam", "pk": 29}, {"fields": {"data_source": "", "material": 64, "name": "\u57f9\u8bad\u5929\u6570", "data_type": "NUM"}, "model": "basedata.extraparam", "pk": 30}, {"fields": {"category": "PU", "status": true, "begin": "2015-05-02", "code": "FC0001", "end": "9999-12-31", "name": "\u5dee\u65c5\u8865\u52a9", "parent": null, "creator": "zhugl", "creation": "2015-05-02T21:03:23", "modification": "2015-05-02T21:03:23", "org": null, "modifier": null, "description": ""}, "model": "basedata.expenseaccount", "pk": 1}, {"fields": {"category": "PU", "status": true, "begin": "2015-05-02", "code": "FC0002", "end": "9999-12-31", "name": "\u4f4f\u5bbf\u8d39", "parent": null, "creator": "zhugl", "creation": "2015-05-02T21:03:28", "modification": "2015-05-02T21:03:28", "org": null, "modifier": null, "description": ""}, "model": "basedata.expenseaccount", "pk": 2}, {"fields": {"category": "PU", "status": true, "begin": "2015-05-02", "code": "FC0003", "end": "9999-12-31", "name": "\u5e02\u5185\u4ea4\u901a\u8d39", "parent": null, "creator": "zhugl", "creation": "2015-05-02T21:03:45", "modification": "2015-05-02T21:03:45", "org": null, "modifier": null, "description": ""}, "model": "basedata.expenseaccount", "pk": 3}, {"fields": {"category": "PU", "status": true, "begin": "2015-05-02", "code": "FC0004", "end": "9999-12-31", "name": "\u957f\u9014\u4ea4\u901a\uff08\u5927\u5df4\uff09\u8d39", "parent": null, "creator": "zhugl", "creation": "2015-05-02T21:04:00", "modification": "2015-05-02T21:04:00", "org": null, "modifier": null, "description": ""}, "model": "basedata.expenseaccount", "pk": 4}, {"fields": {"category": "PU", "status": true, "begin": "2015-05-02", "code": "FC0005", "end": "9999-12-31", "name": "\u957f\u9014\u4ea4\u901a\uff08\u706b\u8f66\uff09\u8d39", "parent": null, "creator": "zhugl", "creation": "2015-05-02T21:04:11", "modification": "2015-05-02T21:04:11", "org": null, "modifier": null, "description": ""}, "model": "basedata.expenseaccount", "pk": 5}, {"fields": {"category": "PU", "status": true, "begin": "2015-05-02", "code": "FC0006", "end": "9999-12-31", "name": "\u673a\u7968\u8d39", "parent": null, "creator": "zhugl", "creation": "2015-05-02T21:04:22", "modification": "2015-05-02T21:04:22", "org": null, "modifier": null, "description": ""}, "model": "basedata.expenseaccount", "pk": 6}, {"fields": {"category": "PU", "status": true, "begin": "2015-05-02", "code": "FC0007", "end": "9999-12-31", "name": "\u4e1a\u52a1\u54a8\u8be2\u8d39", "parent": null, "creator": "zhugl", "creation": "2015-05-02T21:04:31", "modification": "2015-05-02T21:04:31", "org": null, "modifier": null, "description": ""}, "model": "basedata.expenseaccount", "pk": 7}, {"fields": {"category": "PU", "status": true, "begin": "2015-05-02", "code": "FC0008", "end": "9999-12-31", "name": "\u8d5e\u52a9\u8d39", "parent": null, "creator": "zhugl", "creation": "2015-05-02T21:05:09", "modification": "2015-05-02T21:05:09", "org": null, "modifier": null, "description": ""}, "model": "basedata.expenseaccount", "pk": 8}, {"fields": {"category": "HR", "status": true, "begin": "2015-05-02", "code": "FC0009", "end": "9999-12-31", "name": "\u6559\u80b2\u57f9\u8bad\u8d39", "parent": null, "creator": "zhugl", "creation": "2015-05-02T21:05:32", "modification": "2015-05-02T21:05:32", "org": null, "modifier": null, "description": ""}, "model": "basedata.expenseaccount", "pk": 9}, {"fields": {"category": "HR", "status": true, "begin": "2015-05-02", "code": "FC0010", "end": "9999-12-31", "name": "\u96c6\u4f53\u6d3b\u52a8\u8d39", "parent": null, "creator": "zhugl", "creation": "2015-05-02T21:05:55", "modification": "2015-05-02T21:05:55", "org": null, "modifier": null, "description": ""}, "model": "basedata.expenseaccount", "pk": 10}, {"fields": {"category": "HR", "status": true, "begin": "2015-05-02", "code": "FC0011", "end": "9999-12-31", "name": "\u52b3\u52a1\u5916\u5305\u8d39", "parent": null, "creator": "zhugl", "creation": "2015-05-02T21:06:16", "modification": "2015-05-02T21:06:16", "org": null, "modifier": null, "description": ""}, "model": "basedata.expenseaccount", "pk": 11}, {"fields": {"category": "HR", "status": true, "begin": "2015-05-02", "code": "FC0012", "end": "9999-12-31", "name": "\u7ed3\u5a5a\u793c\u91d1", "parent": null, "creator": "zhugl", "creation": "2015-05-02T21:06:33", "modification": "2015-05-02T21:06:33", "org": null, "modifier": null, "description": ""}, "model": "basedata.expenseaccount", "pk": 12}, {"fields": {"category": "HR", "status": true, "begin": "2015-05-02", "code": "FC0013", "end": "9999-12-31", "name": "\u751f\u80b2\u793c\u91d1", "parent": null, "creator": "zhugl", "creation": "2015-05-02T21:06:43", "modification": "2015-05-02T21:06:43", "org": null, "modifier": null, "description": ""}, "model": "basedata.expenseaccount", "pk": 13}, {"fields": {"category": "HR", "status": true, "begin": "2015-05-02", "code": "FC0014", "end": "9999-12-31", "name": "\u4e27\u846c\u629a\u6064", "parent": null, "creator": "zhugl", "creation": "2015-05-02T21:06:54", "modification": "2015-05-02T21:06:54", "org": null, "modifier": null, "description": ""}, "model": "basedata.expenseaccount", "pk": 14}, {"fields": {"category": "HR", "status": true, "begin": "2015-05-02", "code": "FC0015", "end": "9999-12-31", "name": "\u72ec\u751f\u5b50\u5973\u8d39", "parent": null, "creator": "zhugl", "creation": "2015-05-02T21:07:08", "modification": "2015-05-02T21:07:08", "org": null, "modifier": null, "description": ""}, "model": "basedata.expenseaccount", "pk": 15}, {"fields": {"category": "OF", "status": true, "begin": "2015-05-02", "code": "FC0016", "end": "9999-12-31", "name": "IT\u8bbe\u5907\u53ca\u670d\u52a1\u8d39\u7528", "parent": null, "creator": "zhugl", "creation": "2015-05-02T21:09:31", "modification": "2015-05-02T21:09:31", "org": null, "modifier": null, "description": ""}, "model": "basedata.expenseaccount", "pk": 16}, {"fields": {"category": "OF", "status": true, "begin": "2015-05-02", "code": "FC0017", "end": "9999-12-31", "name": "\u901a\u4fe1\u53ca\u7f51\u7edc\u8d39\u7528", "parent": null, "creator": "zhugl", "creation": "2015-05-02T21:09:48", "modification": "2015-05-02T21:09:48", "org": null, "modifier": null, "description": ""}, "model": "basedata.expenseaccount", "pk": 17}, {"fields": {"category": "OF", "status": true, "begin": "2015-05-02", "code": "FC0018", "end": "9999-12-31", "name": "\u5370\u5237\u54c1\u8d39\u7528", "parent": null, "creator": "zhugl", "creation": "2015-05-02T21:10:06", "modification": "2015-05-02T21:10:06", "org": null, "modifier": null, "description": ""}, "model": "basedata.expenseaccount", "pk": 18}, {"fields": {"category": "OF", "status": true, "begin": "2015-05-02", "code": "FC0019", "end": "9999-12-31", "name": "\u52b3\u4fdd\u7528\u54c1\u8d39\u7528", "parent": null, "creator": "zhugl", "creation": "2015-05-02T21:10:30", "modification": "2015-05-02T21:10:30", "org": null, "modifier": null, "description": ""}, "model": "basedata.expenseaccount", "pk": 19}, {"fields": {"category": "OF", "status": true, "begin": "2015-05-02", "code": "FC0020", "end": "9999-12-31", "name": "\u529e\u516c\u7528\u54c1\u8d39\u7528", "parent": null, "creator": "zhugl", "creation": "2015-05-02T21:10:58", "modification": "2015-05-02T21:10:58", "org": null, "modifier": null, "description": ""}, "model": "basedata.expenseaccount", "pk": 20}, {"fields": {"category": "OF", "status": true, "begin": "2015-05-02", "code": "FC0021", "end": "9999-12-31", "name": "\u8f66\u8f86\u7ef4\u4fee\u8425\u8fd0\u4fdd\u517b\u8d39", "parent": null, "creator": "zhugl", "creation": "2015-05-02T21:11:32", "modification": "2015-05-02T21:11:32", "org": null, "modifier": null, "description": ""}, "model": "basedata.expenseaccount", "pk": 21}, {"fields": {"category": "OF", "status": true, "begin": "2015-05-02", "code": "FC0022", "end": "9999-12-31", "name": "\u56fa\u5b9a\u8d44\u4ea7\u8d2d\u7f6e\u4fee\u7f2e\u8d39", "parent": null, "creator": "zhugl", "creation": "2015-05-02T21:12:00", "modification": "2015-05-02T21:12:00", "org": null, "modifier": null, "description": ""}, "model": "basedata.expenseaccount", "pk": 22}, {"fields": {"category": "MU", "status": true, "begin": "2015-05-02", "code": "FC0023", "end": "9999-12-31", "name": "\u8fd0\u8f93\u8d39", "parent": null, "creator": "zhugl", "creation": "2015-05-02T21:13:39", "modification": "2015-05-02T21:13:39", "org": null, "modifier": null, "description": ""}, "model": "basedata.expenseaccount", "pk": 23}, {"fields": {"category": "MU", "status": true, "begin": "2015-05-02", "code": "FC0024", "end": "9999-12-31", "name": "\u5305\u88c5\u8d39", "parent": null, "creator": "zhugl", "creation": "2015-05-02T21:13:49", "modification": "2015-05-02T21:13:49", "org": null, "modifier": null, "description": ""}, "model": "basedata.expenseaccount", "pk": 24}, {"fields": {"category": "MU", "status": true, "begin": "2015-05-02", "code": "FC0025", "end": "9999-12-31", "name": "\u8bbe\u5907\u7ef4\u4fee\u8d39", "parent": null, "creator": "zhugl", "creation": "2015-05-02T21:14:08", "modification": "2015-05-02T21:14:08", "org": null, "modifier": null, "description": ""}, "model": "basedata.expenseaccount", "pk": 25}, {"fields": {"category": "MU", "status": true, "begin": "2015-05-02", "code": "FC0026", "end": "9999-12-31", "name": "\u6280\u672f\u54a8\u8be2\u8d39", "parent": null, "creator": "zhugl", "creation": "2015-05-02T21:14:33", "modification": "2015-05-02T21:14:33", "org": null, "modifier": null, "description": ""}, "model": "basedata.expenseaccount", "pk": 26}, {"fields": {"category": "BU", "status": true, "begin": "2015-05-02", "code": "FC0027", "end": "9999-12-31", "name": "\u793c\u54c1\u8d39", "parent": null, "creator": "zhugl", "creation": "2015-05-02T21:14:58", "modification": "2015-05-02T21:14:58", "org": null, "modifier": null, "description": ""}, "model": "basedata.expenseaccount", "pk": 27}, {"fields": {"category": "BU", "status": true, "begin": "2015-05-02", "code": "FC0028", "end": "9999-12-31", "name": "\u4e1a\u52a1\u62db\u5f85\u8d39", "parent": null, "creator": "zhugl", "creation": "2015-05-02T21:15:10", "modification": "2015-05-02T21:15:10", "org": null, "modifier": null, "description": ""}, "model": "basedata.expenseaccount", "pk": 28}, {"fields": {"category": "BU", "status": true, "begin": "2015-05-02", "code": "FC0029", "end": "9999-12-31", "name": "\u5e7f\u544a\u8d39", "parent": null, "creator": "zhugl", "creation": "2015-05-02T21:15:25", "modification": "2015-05-02T21:15:25", "org": null, "modifier": null, "description": ""}, "model": "basedata.expenseaccount", "pk": 29}, {"fields": {"category": "OF", "status": true, "begin": "2015-05-02", "code": "FC0030", "end": "9999-12-31", "name": "\u571f\u5730\u623f\u5c4b\u8bbe\u5907\u79df\u8d41\u8d39", "parent": null, "creator": "zhugl", "creation": "2015-05-02T21:19:28", "modification": "2015-05-02T21:19:28", "org": null, "modifier": null, "description": ""}, "model": "basedata.expenseaccount", "pk": 30}, {"fields": {"category": "PU", "status": true, "begin": "2015-05-02", "code": "FC0031", "end": "9999-12-31", "name": "\u8bc9\u8bbc\u8d39", "parent": null, "creator": "zhugl", "creation": "2015-05-02T21:20:46", "modification": "2015-05-02T21:20:46", "org": null, "modifier": null, "description": ""}, "model": "basedata.expenseaccount", "pk": 31}, {"fields": {"category": "PU", "status": true, "begin": "2015-05-02", "code": "FC0032", "end": "9999-12-31", "name": "\u5ba1\u8ba1\u8d39", "parent": null, "creator": "zhugl", "creation": "2015-05-02T21:21:07", "modification": "2015-05-02T21:21:07", "org": null, "modifier": null, "description": ""}, "model": "basedata.expenseaccount", "pk": 32}, {"fields": {"category": "PU", "status": true, "begin": "2015-05-02", "code": "FC0033", "end": "9999-12-31", "name": "\u5546\u4e1a\u4fdd\u9669\u8d39", "parent": null, "creator": "zhugl", "creation": "2015-05-02T21:22:52", "modification": "2015-05-02T21:22:52", "org": null, "modifier": null, "description": ""}, "model": "basedata.expenseaccount", "pk": 33}, {"fields": {"category": "PU", "status": true, "begin": "2015-05-02", "code": "FC0034", "end": "9999-12-31", "name": "\u4ee3\u7406\u670d\u52a1\u8d39", "parent": null, "creator": "zhugl", "creation": "2015-05-02T21:23:31", "modification": "2015-05-02T21:23:31", "org": null, "modifier": null, "description": ""}, "model": "basedata.expenseaccount", "pk": 34}, {"fields": {"category": "OT", "status": true, "begin": "2015-05-02", "code": "FC0035", "end": "9999-12-31", "name": "\u5176\u4ed6\u4e0d\u4fbf\u5f52\u7c7b\u7684\u8d39\u7528", "parent": null, "creator": "zhugl", "creation": "2015-05-02T21:26:27", "modification": "2015-05-02T21:26:27", "org": null, "modifier": null, "description": ""}, "model": "basedata.expenseaccount", "pk": 35}, {"fields": {"category": "OF", "status": true, "begin": "2015-06-27", "code": "FC0036", "end": "9999-12-31", "name": "\u98df\u5802\u7cae\u6cb9", "parent": null, "creator": "zhangliangjun", "creation": "2015-06-27T08:15:17", "modification": "2015-06-27T08:15:17", "org": null, "modifier": null, "description": ""}, "model": "basedata.expenseaccount", "pk": 36}, {"fields": {"status": "0", "begin": "2015-06-28", "end": "9999-12-31", "description": "====\u64cd\u4f5c\u6b65\u9aa4====\r\n1\uff09\u8bf7\u4ece\u3010\u6587\u6863\u3011\u4e2d\u4e0b\u8f7d\u6a21\u677f\u6587\u6863\u3010FD0001\u3011\uff1b\r\n2\uff09\u5728\u60a8\u7684\u7535\u8111\u4e0a\u7528excel\u7f16\u8f91\u6587\u6863\uff0c\u6309\u7167\u8981\u6c42\u5f55\u5165\u90e8\u95e8\u4fe1\u606f\u3001\u5c97\u4f4d\u4fe1\u606f\u3001\u5458\u5de5\u4fe1\u606f\uff1b\r\n3\uff09\u5728\u60a8\u6574\u7406\u597d\u7684\u6587\u6863\u540e\uff0c\u70b9\u51fb\u3010\u9009\u62e9\u6587\u4ef6\u3011\u6309\u94ae\uff0c\u4e0a\u4f20\u60a8\u7684\u6587\u6863\uff1b\r\n4\uff09\u70b9\u51fb\u3010\u4fdd\u5b58\u3011\u6309\u94ae\u5148\u4fdd\u5b58\u60a8\u7684\u6587\u6863\u5230\u670d\u52a1\u5668\uff1b\r\n5\uff09\u70b9\u51fb\u3010\u5bfc\u5165\u3011\u6309\u94ae\u5c06\u60a8\u7684\u6570\u636e\u5bfc\u5165\u81f3\u7cfb\u7edf\u4e2d\uff1b\r\n====\u63d0\u793a\u4fe1\u606f====\r\n1\uff09\u8bf7\u52ff\u4fee\u6539\u3010\u5904\u7406\u7c7b\u3011\u4e2d\u7684\u3010OPS\u3011\u5185\u5bb9\uff0c\u672c\u7c7b\u6570\u636e\u7684\u3010\u5904\u7406\u7c7b\u3011\u4e3a\u6307\u5b9a\u503c\uff1b\r\n2\uff09\u5728\u7ec4\u7ec7\u673a\u6784\u91cd\u7ec4\u65f6\uff0c\u60a8\u53ef\u6279\u91cf\u5bfc\u5165\u91cd\u7ec4\u540e\u7684\u6570\u636e\uff0c\u539f\u5148\u7684\u65e7\u7ec4\u7ec7\u673a\u6784\u5c06\u88ab\u8bbe\u7f6e\u4e3a\u8fc7\u671f\uff0c\u4ecd\u7136\u4fdd\u7559\u5728\u7cfb\u7edf\u4e2d\uff1b", "creator": "chengcai", "creation": "2015-06-28T09:03:59", "imp_date": "2015-06-28", "attach": "", "handler": "OPS", "content_type": 18, "modification": "2015-07-15T12:10:58", "title": "\u3010\u4e0a\u7ebf\u51c6\u5907\u3011-\u3010\u90e8\u95e8|\u5c97\u4f4d|\u5458\u5de5\u3011\u7b2c\u4e00\u6b65", "modifier": "chengcai", "is_clear": false}, "model": "basedata.dataimport", "pk": 20}, {"fields": {"status": "0", "begin": "2015-06-28", "end": "9999-12-31", "description": "====\u64cd\u4f5c\u6b65\u9aa4====\r\n1\uff09\u8bf7\u4ece\u3010\u6587\u6863\u3011\u4e2d\u4e0b\u8f7d\u6a21\u677f\u6587\u6863\u3010FD0005\u3011\uff1b\r\n2\uff09\u5728\u60a8\u7684\u7535\u8111\u4e0a\u7528excel\u7f16\u8f91\u6587\u6863\uff0c\u6309\u7167\u8981\u6c42\u5f55\u5165\u7528\u6237\u4fe1\u606f\uff1b\r\n3\uff09\u5728\u60a8\u6574\u7406\u597d\u7684\u6587\u6863\u540e\uff0c\u70b9\u51fb\u3010\u9009\u62e9\u6587\u4ef6\u3011\u6309\u94ae\uff0c\u4e0a\u4f20\u60a8\u7684\u6587\u6863\uff1b\r\n4\uff09\u70b9\u51fb\u3010\u4fdd\u5b58\u3011\u6309\u94ae\u5148\u4fdd\u5b58\u60a8\u7684\u6587\u6863\u5230\u670d\u52a1\u5668\uff1b\r\n5\uff09\u70b9\u51fb\u3010\u5bfc\u5165\u3011\u6309\u94ae\u5c06\u60a8\u7684\u6570\u636e\u5bfc\u5165\u81f3\u7cfb\u7edf\u4e2d\uff1b\r\n====\u63d0\u793a\u4fe1\u606f====\r\n1\uff09\u8bf7\u52ff\u4fee\u6539\u3010\u5904\u7406\u7c7b\u3011\u4e2d\u7684\u3010admin.user\u3011\u5185\u5bb9\uff0c\u672c\u7c7b\u6570\u636e\u7684\u3010\u5904\u7406\u7c7b\u3011\u4e3a\u6307\u5b9a\u503c\uff1b", "creator": "chengcai", "creation": "2015-06-28T09:09:24", "imp_date": "2015-06-28", "attach": "", "handler": "admin.user", "content_type": 4, "modification": "2015-06-28T09:16:37", "title": "\u3010\u4e0a\u7ebf\u51c6\u5907\u3011-\u3010\u7528\u6237\u4fe1\u606f\u3011\u7b2c\u4e8c\u6b65", "modifier": "chengcai", "is_clear": false}, "model": "basedata.dataimport", "pk": 21}, {"fields": {"status": "0", "begin": "2015-06-28", "end": "9999-12-31", "description": "====\u64cd\u4f5c\u6b65\u9aa4====\r\n1\uff09\u8bf7\u4ece\u3010\u6587\u6863\u3011\u4e2d\u4e0b\u8f7d\u6a21\u677f\u6587\u6863\u3010FD0003\u3011\uff1b\r\n2\uff09\u5728\u60a8\u7684\u7535\u8111\u4e0a\u7528excel\u7f16\u8f91\u6587\u6863\uff0c\u6309\u7167\u8981\u6c42\u5f55\u5165\u5408\u4f5c\u4f19\u4f34\uff08\u5ba2\u6237|\u4f9b\u5e94\u5546\uff09\u4fe1\u606f\uff1b\r\n3\uff09\u5728\u60a8\u6574\u7406\u597d\u7684\u6587\u6863\u540e\uff0c\u70b9\u51fb\u3010\u9009\u62e9\u6587\u4ef6\u3011\u6309\u94ae\uff0c\u4e0a\u4f20\u60a8\u7684\u6587\u6863\uff1b\r\n4\uff09\u70b9\u51fb\u3010\u4fdd\u5b58\u3011\u6309\u94ae\u5148\u4fdd\u5b58\u60a8\u7684\u6587\u6863\u5230\u670d\u52a1\u5668\uff1b\r\n5\uff09\u70b9\u51fb\u3010\u5bfc\u5165\u3011\u6309\u94ae\u5c06\u60a8\u7684\u6570\u636e\u5bfc\u5165\u81f3\u7cfb\u7edf\u4e2d\uff1b\r\n====\u63d0\u793a\u4fe1\u606f====\r\n1\uff09\u6a21\u677f\u4e2d\u7684\u201dC\u201c\u4ee3\u8868\u5ba2\u6237\uff0c\u201dS\u201c\u4ee3\u8868\u4f9b\u5e94\u5546\uff1b", "creator": "chengcai", "creation": "2015-06-28T09:13:34", "imp_date": "2015-06-28", "attach": "", "handler": "", "content_type": 14, "modification": "2015-06-28T09:20:20", "title": "\u3010\u4e0a\u7ebf\u51c6\u5907\u3011-\u3010\u5408\u4f5c\u4f19\u4f34\u4fe1\u606f\u3011\u7b2c\u4e09\u6b65", "modifier": "chengcai", "is_clear": false}, "model": "basedata.dataimport", "pk": 22}, {"fields": {"status": "0", "begin": "2015-06-28", "end": "9999-12-31", "description": "====\u64cd\u4f5c\u6b65\u9aa4====\r\n1\uff09\u8bf7\u4ece\u3010\u6587\u6863\u3011\u4e2d\u4e0b\u8f7d\u6a21\u677f\u6587\u6863\u3010FD0004\u3011\uff1b\r\n2\uff09\u5728\u60a8\u7684\u7535\u8111\u4e0a\u7528excel\u7f16\u8f91\u6587\u6863\uff0c\u6309\u7167\u8981\u6c42\u5f55\u5165\u9879\u76ee\u4fe1\u606f\uff1b\r\n3\uff09\u5728\u60a8\u6574\u7406\u597d\u7684\u6587\u6863\u540e\uff0c\u70b9\u51fb\u3010\u9009\u62e9\u6587\u4ef6\u3011\u6309\u94ae\uff0c\u4e0a\u4f20\u60a8\u7684\u6587\u6863\uff1b\r\n4\uff09\u70b9\u51fb\u3010\u4fdd\u5b58\u3011\u6309\u94ae\u5148\u4fdd\u5b58\u60a8\u7684\u6587\u6863\u5230\u670d\u52a1\u5668\uff1b\r\n5\uff09\u70b9\u51fb\u3010\u5bfc\u5165\u3011\u6309\u94ae\u5c06\u60a8\u7684\u6570\u636e\u5bfc\u5165\u81f3\u7cfb\u7edf\u4e2d\uff1b\r\n====\u63d0\u793a\u4fe1\u606f====\r\n1\uff09\u672c\u9879\u5de5\u4f5c\u53ef\u9009\uff0c\u975e\u5fc5\u9700\u9879\uff1b", "creator": "chengcai", "creation": "2015-06-28T09:18:59", "imp_date": "2015-06-28", "attach": "", "handler": "", "content_type": 19, "modification": "2015-06-28T09:20:48", "title": "\u3010\u4e0a\u7ebf\u51c6\u5907\u3011-\u3010\u9879\u76ee\u4fe1\u606f\u3011\u7b2c\u56db\u6b65\uff08\u53ef\u9009\uff09", "modifier": "chengcai", "is_clear": false}, "model": "basedata.dataimport", "pk": 23}, {"fields": {"represent": "\u674e\u5fb7\u6da6", "code": "O01", "weight": 9, "creator": "zhugl", "creation": "2015-05-01T20:26:05", "fax": "021-58698201", "tax_address": "\u4e0a\u6d77\u5e02\u6d66\u4e1c\u673a\u573a\u542f\u822a\u8def900\u53f7", "lic_code": "310120000001357", "end": "9999-12-31", "certificate": "", "contacts": "\u738b\u52c7", "zipcode": "200032", "website": "www.shairport.com", "modification": "2015-07-17T12:16:36", "email": "webadmin@sgs.gov.cn", "status": true, "begin": "2015-05-01", "pinyin": "Shanghai Airport", "phone": "021-58698202", "address": "\u4e0a\u6d77\u5e02\u8087\u5609\u6d5c\u8def301\u53f7", "cer_code": "20120620102952945", "short": "\u4e0a\u6d77\u673a\u573a", "name": "\u4e0a\u6d77\u67d0\u96c6\u56e2\u6709\u9650\u516c\u53f8", "license": "", "tax_account": "\u4ea4\u901a\u94f6\u884c\u4e0a\u6d77\u5206\u884c\u6d66\u4e1c\u652f\u884c", "modifier": "chengcai", "tax_num": "310120000001357"}, "model": "organ.organization", "pk": 1}, {"fields": {"status": true, "weight": 99, "begin": "2015-06-27", "code": "B1001", "end": "9999-12-31", "name": "\u8463\u4e8b\u4f1a", "parent": null, "creator": null, "pinyin": "board", "creation": "2015-06-27T13:08:27", "fax": null, "virtual": false, "unit_type": 2, "phone": null, "short": "\u8463\u4e8b\u4f1a", "contacts": null, "modification": "2015-06-27T13:08:27", "organization": null, "modifier": null, "email": null}, "model": "organ.orgunit", "pk": 70}, {"fields": {"status": true, "weight": 99, "begin": "2015-06-27", "code": "B1002", "end": "9999-12-31", "name": "\u603b\u7ecf\u7406\u529e\u516c\u5ba4", "parent": null, "creator": null, "pinyin": "president office", "creation": "2015-06-27T13:08:27", "fax": null, "virtual": false, "unit_type": 2, "phone": null, "short": "\u603b\u529e", "contacts": null, "modification": "2015-06-27T13:08:27", "organization": null, "modifier": null, "email": null}, "model": "organ.orgunit", "pk": 71}, {"fields": {"status": true, "weight": 99, "begin": "2015-06-27", "code": "B1003", "end": "9999-12-31", "name": "\u4eba\u4e8b\u884c\u653f\u90e8", "parent": null, "creator": null, "pinyin": "hr", "creation": "2015-06-27T13:08:27", "fax": null, "virtual": false, "unit_type": 2, "phone": null, "short": "\u4eba\u4e8b\u90e8", "contacts": null, "modification": "2015-06-27T13:08:27", "organization": null, "modifier": null, "email": null}, "model": "organ.orgunit", "pk": 72}, {"fields": {"status": true, "weight": 99, "begin": "2015-06-27", "code": "B1004", "end": "9999-12-31", "name": "\u8d22\u52a1\u90e8", "parent": null, "creator": null, "pinyin": "finace", "creation": "2015-06-27T13:08:27", "fax": null, "virtual": false, "unit_type": 2, "phone": null, "short": "\u8d22\u52a1\u90e8", "contacts": null, "modification": "2015-06-27T13:08:27", "organization": null, "modifier": null, "email": null}, "model": "organ.orgunit", "pk": 73}, {"fields": {"status": true, "weight": 99, "begin": "2015-06-27", "code": "B1005", "end": "9999-12-31", "name": "\u91c7\u8d2d\u90e8", "parent": null, "creator": null, "pinyin": "purchase", "creation": "2015-06-27T13:08:27", "fax": null, "virtual": false, "unit_type": 2, "phone": null, "short": "\u91c7\u8d2d\u90e8", "contacts": null, "modification": "2015-06-27T13:08:27", "organization": null, "modifier": null, "email": null}, "model": "organ.orgunit", "pk": 74}, {"fields": {"status": true, "weight": 99, "begin": "2015-06-27", "code": "B1006", "end": "9999-12-31", "name": "\u751f\u4ea7\u4e2d\u5fc3", "parent": null, "creator": null, "pinyin": "produce center", "creation": "2015-06-27T13:08:27", "fax": null, "virtual": false, "unit_type": 2, "phone": null, "short": "\u751f\u4ea7\u4e2d\u5fc3", "contacts": null, "modification": "2015-06-27T13:08:27", "organization": null, "modifier": null, "email": null}, "model": "organ.orgunit", "pk": 75}, {"fields": {"status": true, "weight": 99, "begin": "2015-06-27", "code": "B1007", "end": "9999-12-31", "name": "\u8d28\u68c0\u4e2d\u5fc3", "parent": null, "creator": null, "pinyin": "qulification center", "creation": "2015-06-27T13:08:27", "fax": null, "virtual": false, "unit_type": 2, "phone": null, "short": "\u8d28\u68c0\u4e2d\u5fc3", "contacts": null, "modification": "2015-06-27T13:08:27", "organization": null, "modifier": null, "email": null}, "model": "organ.orgunit", "pk": 76}, {"fields": {"status": true, "weight": 1, "begin": "2015-07-15", "code": "B1001", "end": "9999-12-31", "name": "\u8463\u4e8b\u4f1a", "parent": null, "creator": null, "pinyin": "board", "creation": "2015-07-15T12:04:17", "fax": null, "virtual": false, "unit_type": 2, "phone": null, "short": "\u8463\u4e8b\u4f1a", "contacts": null, "modification": "2015-07-15T12:04:17", "organization": null, "modifier": null, "email": null}, "model": "organ.orgunit", "pk": 77}, {"fields": {"status": true, "weight": 2, "begin": "2015-07-15", "code": "B1002", "end": "9999-12-31", "name": "\u603b\u7ecf\u7406\u529e\u516c\u5ba4", "parent": null, "creator": null, "pinyin": "president office", "creation": "2015-07-15T12:04:17", "fax": null, "virtual": false, "unit_type": 2, "phone": null, "short": "\u603b\u529e", "contacts": null, "modification": "2015-07-15T12:04:17", "organization": null, "modifier": null, "email": null}, "model": "organ.orgunit", "pk": 78}, {"fields": {"status": true, "weight": 3, "begin": "2015-07-15", "code": "B1003", "end": "9999-12-31", "name": "\u4eba\u4e8b\u884c\u653f\u90e8", "parent": null, "creator": null, "pinyin": "hr", "creation": "2015-07-15T12:04:17", "fax": null, "virtual": false, "unit_type": 2, "phone": null, "short": "\u4eba\u4e8b\u90e8", "contacts": null, "modification": "2015-07-15T12:04:17", "organization": null, "modifier": null, "email": null}, "model": "organ.orgunit", "pk": 79}, {"fields": {"status": true, "weight": 4, "begin": "2015-07-15", "code": "B1004", "end": "9999-12-31", "name": "\u8d22\u52a1\u90e8", "parent": null, "creator": null, "pinyin": "finace", "creation": "2015-07-15T12:04:17", "fax": null, "virtual": false, "unit_type": 2, "phone": null, "short": "\u8d22\u52a1\u90e8", "contacts": null, "modification": "2015-07-15T12:04:17", "organization": null, "modifier": null, "email": null}, "model": "organ.orgunit", "pk": 80}, {"fields": {"status": true, "weight": 5, "begin": "2015-07-15", "code": "B1005", "end": "9999-12-31", "name": "\u91c7\u8d2d\u90e8", "parent": null, "creator": null, "pinyin": "purchase", "creation": "2015-07-15T12:04:17", "fax": null, "virtual": false, "unit_type": 2, "phone": null, "short": "\u91c7\u8d2d\u90e8", "contacts": null, "modification": "2015-07-15T12:04:17", "organization": null, "modifier": null, "email": null}, "model": "organ.orgunit", "pk": 81}, {"fields": {"status": true, "weight": 6, "begin": "2015-07-15", "code": "B1006", "end": "9999-12-31", "name": "\u751f\u4ea7\u4e2d\u5fc3", "parent": null, "creator": null, "pinyin": "produce center", "creation": "2015-07-15T12:04:17", "fax": null, "virtual": false, "unit_type": 2, "phone": null, "short": "\u751f\u4ea7\u4e2d\u5fc3", "contacts": null, "modification": "2015-07-15T12:04:17", "organization": null, "modifier": null, "email": null}, "model": "organ.orgunit", "pk": 82}, {"fields": {"status": true, "weight": 7, "begin": "2015-07-15", "code": "B1007", "end": "9999-12-31", "name": "\u8d28\u68c0\u4e2d\u5fc3", "parent": null, "creator": null, "pinyin": "qulification center", "creation": "2015-07-15T12:04:17", "fax": null, "virtual": false, "unit_type": 2, "phone": null, "short": "\u8d28\u68c0\u4e2d\u5fc3", "contacts": null, "modification": "2015-07-15T12:04:17", "organization": null, "modifier": null, "email": null}, "model": "organ.orgunit", "pk": 83}, {"fields": {"status": true, "weight": 99, "begin": "2015-06-27", "code": "P1001", "end": "9999-12-31", "name": "\u8463\u4e8b\u957f", "parent": null, "creator": null, "grade": "01", "pinyin": null, "creation": "2015-06-27T13:08:27", "virtual": false, "short": null, "qualification": null, "series": "A", "modification": "2015-06-27T13:08:27", "organization": null, "modifier": null, "document": "", "unit": 70, "description": null}, "model": "organ.position", "pk": 86}, {"fields": {"status": true, "weight": 99, "begin": "2015-06-27", "code": "P1002", "end": "9999-12-31", "name": "\u603b\u7ecf\u7406", "parent": 86, "creator": null, "grade": "01", "pinyin": null, "creation": "2015-06-27T13:08:27", "virtual": false, "short": null, "qualification": null, "series": "A", "modification": "2015-06-27T13:08:27", "organization": null, "modifier": null, "document": "", "unit": 70, "description": null}, "model": "organ.position", "pk": 87}, {"fields": {"status": true, "weight": 99, "begin": "2015-06-27", "code": "P1003", "end": "9999-12-31", "name": "\u526f\u603b\u7ecf\u7406", "parent": 87, "creator": null, "grade": "01", "pinyin": null, "creation": "2015-06-27T13:08:27", "virtual": false, "short": null, "qualification": null, "series": "A", "modification": "2015-06-27T13:08:27", "organization": null, "modifier": null, "document": "", "unit": 71, "description": null}, "model": "organ.position", "pk": 88}, {"fields": {"status": true, "weight": 99, "begin": "2015-06-27", "code": "P1004", "end": "9999-12-31", "name": "\u603b\u5de5\u7a0b\u5e08", "parent": 87, "creator": null, "grade": "01", "pinyin": null, "creation": "2015-06-27T13:08:27", "virtual": false, "short": null, "qualification": null, "series": "A", "modification": "2015-06-27T13:08:27", "organization": null, "modifier": null, "document": "", "unit": 71, "description": null}, "model": "organ.position", "pk": 89}, {"fields": {"status": true, "weight": 99, "begin": "2015-06-27", "code": "P1005", "end": "9999-12-31", "name": "\u603b\u7ecf\u6d4e\u5e08", "parent": 87, "creator": null, "grade": "01", "pinyin": null, "creation": "2015-06-27T13:08:27", "virtual": false, "short": null, "qualification": null, "series": "A", "modification": "2015-06-27T13:08:27", "organization": null, "modifier": null, "document": "", "unit": 71, "description": null}, "model": "organ.position", "pk": 90}, {"fields": {"status": true, "weight": 99, "begin": "2015-06-27", "code": "P1006", "end": "9999-12-31", "name": "\u4eba\u4e8b\u7ecf\u7406", "parent": 87, "creator": null, "grade": "01", "pinyin": null, "creation": "2015-06-27T13:08:27", "virtual": false, "short": null, "qualification": null, "series": "A", "modification": "2015-06-27T13:08:27", "organization": null, "modifier": null, "document": "", "unit": 72, "description": null}, "model": "organ.position", "pk": 91}, {"fields": {"status": true, "weight": 99, "begin": "2015-06-27", "code": "P1007", "end": "9999-12-31", "name": "\u884c\u653f\u7ecf\u7406", "parent": 87, "creator": null, "grade": "01", "pinyin": null, "creation": "2015-06-27T13:08:27", "virtual": false, "short": null, "qualification": null, "series": "A", "modification": "2015-06-27T13:08:27", "organization": null, "modifier": null, "document": "", "unit": 72, "description": null}, "model": "organ.position", "pk": 92}, {"fields": {"status": true, "weight": 99, "begin": "2015-06-27", "code": "P1008", "end": "9999-12-31", "name": "\u8d22\u52a1\u7ecf\u7406", "parent": 87, "creator": null, "grade": "01", "pinyin": null, "creation": "2015-06-27T13:08:27", "virtual": false, "short": null, "qualification": null, "series": "A", "modification": "2015-06-27T13:08:27", "organization": null, "modifier": null, "document": "", "unit": 73, "description": null}, "model": "organ.position", "pk": 93}, {"fields": {"status": true, "weight": 99, "begin": "2015-06-27", "code": "P1009", "end": "9999-12-31", "name": "\u751f\u4ea7\u603b\u76d1", "parent": 87, "creator": null, "grade": "01", "pinyin": null, "creation": "2015-06-27T13:08:27", "virtual": false, "short": null, "qualification": null, "series": "A", "modification": "2015-06-27T13:08:27", "organization": null, "modifier": null, "document": "", "unit": 75, "description": null}, "model": "organ.position", "pk": 94}, {"fields": {"status": true, "weight": 99, "begin": "2015-06-27", "code": "P1010", "end": "9999-12-31", "name": "\u91c7\u8d2d\u7ecf\u7406", "parent": 87, "creator": null, "grade": "01", "pinyin": null, "creation": "2015-06-27T13:08:27", "virtual": false, "short": null, "qualification": null, "series": "A", "modification": "2015-06-27T13:08:27", "organization": null, "modifier": null, "document": "", "unit": 74, "description": null}, "model": "organ.position", "pk": 95}, {"fields": {"status": true, "weight": 99, "begin": "2015-06-27", "code": "P1011", "end": "9999-12-31", "name": "\u4f1a\u8ba1", "parent": 93, "creator": null, "grade": "01", "pinyin": null, "creation": "2015-06-27T13:08:27", "virtual": false, "short": null, "qualification": null, "series": "A", "modification": "2015-06-27T13:08:27", "organization": null, "modifier": null, "document": "", "unit": 73, "description": null}, "model": "organ.position", "pk": 96}, {"fields": {"status": true, "weight": 99, "begin": "2015-06-27", "code": "P1012", "end": "9999-12-31", "name": "\u51fa\u7eb3", "parent": 93, "creator": null, "grade": "01", "pinyin": null, "creation": "2015-06-27T13:08:27", "virtual": false, "short": null, "qualification": null, "series": "A", "modification": "2015-06-27T13:08:27", "organization": null, "modifier": null, "document": "", "unit": 73, "description": null}, "model": "organ.position", "pk": 97}, {"fields": {"status": true, "weight": 99, "begin": "2015-06-27", "code": "P1013", "end": "9999-12-31", "name": "\u4eba\u4e8b\u4e13\u5458", "parent": 91, "creator": null, "grade": "01", "pinyin": null, "creation": "2015-06-27T13:08:27", "virtual": false, "short": null, "qualification": null, "series": "A", "modification": "2015-06-27T13:08:27", "organization": null, "modifier": null, "document": "", "unit": 72, "description": null}, "model": "organ.position", "pk": 98}, {"fields": {"status": true, "weight": 99, "begin": "2015-06-27", "code": "P1014", "end": "9999-12-31", "name": "\u53f8\u673a", "parent": 92, "creator": null, "grade": "01", "pinyin": null, "creation": "2015-06-27T13:08:27", "virtual": false, "short": null, "qualification": null, "series": "A", "modification": "2015-06-27T13:08:27", "organization": null, "modifier": null, "document": "", "unit": 72, "description": null}, "model": "organ.position", "pk": 99}, {"fields": {"status": true, "weight": 99, "begin": "2015-06-27", "code": "P1015", "end": "9999-12-31", "name": "\u884c\u653f\u4e13\u5458", "parent": 92, "creator": null, "grade": "01", "pinyin": null, "creation": "2015-06-27T13:08:27", "virtual": false, "short": null, "qualification": null, "series": "A", "modification": "2015-06-27T13:08:27", "organization": null, "modifier": null, "document": "", "unit": 72, "description": null}, "model": "organ.position", "pk": 100}, {"fields": {"status": true, "weight": 99, "begin": "2015-06-27", "code": "P1016", "end": "9999-12-31", "name": "\u62a5\u4ef7\u5458", "parent": 94, "creator": null, "grade": "01", "pinyin": null, "creation": "2015-06-27T13:08:27", "virtual": false, "short": null, "qualification": null, "series": "A", "modification": "2015-06-27T13:08:27", "organization": null, "modifier": null, "document": "", "unit": 75, "description": null}, "model": "organ.position", "pk": 101}, {"fields": {"status": true, "weight": 99, "begin": "2015-06-27", "code": "P1017", "end": "9999-12-31", "name": "\u6280\u672f\u5de5\u7a0b\u5e08", "parent": 94, "creator": null, "grade": "01", "pinyin": null, "creation": "2015-06-27T13:08:27", "virtual": false, "short": null, "qualification": null, "series": "A", "modification": "2015-06-27T13:08:27", "organization": null, "modifier": null, "document": "", "unit": 75, "description": null}, "model": "organ.position", "pk": 102}, {"fields": {"status": true, "weight": 1, "begin": "2015-07-15", "code": "P1001", "end": "9999-12-31", "name": "\u8463\u4e8b\u957f", "parent": null, "creator": null, "grade": "01", "pinyin": null, "creation": "2015-07-15T12:04:17", "virtual": false, "short": null, "qualification": null, "series": "A", "modification": "2015-07-15T12:04:17", "organization": null, "modifier": null, "document": "", "unit": 70, "description": null}, "model": "organ.position", "pk": 103}, {"fields": {"status": true, "weight": 2, "begin": "2015-07-15", "code": "P1002", "end": "9999-12-31", "name": "\u603b\u7ecf\u7406", "parent": 86, "creator": null, "grade": "01", "pinyin": null, "creation": "2015-07-15T12:04:17", "virtual": false, "short": null, "qualification": null, "series": "A", "modification": "2015-07-15T12:04:17", "organization": null, "modifier": null, "document": "", "unit": 70, "description": null}, "model": "organ.position", "pk": 104}, {"fields": {"status": true, "weight": 3, "begin": "2015-07-15", "code": "P1003", "end": "9999-12-31", "name": "\u526f\u603b\u7ecf\u7406", "parent": 87, "creator": null, "grade": "01", "pinyin": null, "creation": "2015-07-15T12:04:17", "virtual": false, "short": null, "qualification": null, "series": "A", "modification": "2015-07-15T12:04:17", "organization": null, "modifier": null, "document": "", "unit": 71, "description": null}, "model": "organ.position", "pk": 105}, {"fields": {"status": true, "weight": 4, "begin": "2015-07-15", "code": "P1004", "end": "9999-12-31", "name": "\u603b\u5de5\u7a0b\u5e08", "parent": 87, "creator": null, "grade": "01", "pinyin": null, "creation": "2015-07-15T12:04:17", "virtual": false, "short": null, "qualification": null, "series": "A", "modification": "2015-07-15T12:04:17", "organization": null, "modifier": null, "document": "", "unit": 71, "description": null}, "model": "organ.position", "pk": 106}, {"fields": {"status": true, "weight": 5, "begin": "2015-07-15", "code": "P1005", "end": "9999-12-31", "name": "\u603b\u7ecf\u6d4e\u5e08", "parent": 87, "creator": null, "grade": "01", "pinyin": null, "creation": "2015-07-15T12:04:17", "virtual": false, "short": null, "qualification": null, "series": "A", "modification": "2015-07-15T12:04:17", "organization": null, "modifier": null, "document": "", "unit": 71, "description": null}, "model": "organ.position", "pk": 107}, {"fields": {"status": true, "weight": 6, "begin": "2015-07-15", "code": "P1006", "end": "9999-12-31", "name": "\u4eba\u4e8b\u7ecf\u7406", "parent": 87, "creator": null, "grade": "01", "pinyin": null, "creation": "2015-07-15T12:04:17", "virtual": false, "short": null, "qualification": null, "series": "A", "modification": "2015-07-15T12:04:17", "organization": null, "modifier": null, "document": "", "unit": 72, "description": null}, "model": "organ.position", "pk": 108}, {"fields": {"status": true, "weight": 7, "begin": "2015-07-15", "code": "P1007", "end": "9999-12-31", "name": "\u884c\u653f\u7ecf\u7406", "parent": 87, "creator": null, "grade": "01", "pinyin": null, "creation": "2015-07-15T12:04:17", "virtual": false, "short": null, "qualification": null, "series": "A", "modification": "2015-07-15T12:04:17", "organization": null, "modifier": null, "document": "", "unit": 72, "description": null}, "model": "organ.position", "pk": 109}, {"fields": {"status": true, "weight": 8, "begin": "2015-07-15", "code": "P1008", "end": "9999-12-31", "name": "\u8d22\u52a1\u7ecf\u7406", "parent": 87, "creator": null, "grade": "01", "pinyin": null, "creation": "2015-07-15T12:04:17", "virtual": false, "short": null, "qualification": null, "series": "A", "modification": "2015-07-15T12:04:17", "organization": null, "modifier": null, "document": "", "unit": 73, "description": null}, "model": "organ.position", "pk": 110}, {"fields": {"status": true, "weight": 9, "begin": "2015-07-15", "code": "P1009", "end": "9999-12-31", "name": "\u751f\u4ea7\u603b\u76d1", "parent": 87, "creator": null, "grade": "01", "pinyin": null, "creation": "2015-07-15T12:04:17", "virtual": false, "short": null, "qualification": null, "series": "A", "modification": "2015-07-15T12:04:17", "organization": null, "modifier": null, "document": "", "unit": 75, "description": null}, "model": "organ.position", "pk": 111}, {"fields": {"status": true, "weight": 10, "begin": "2015-07-15", "code": "P1010", "end": "9999-12-31", "name": "\u91c7\u8d2d\u7ecf\u7406", "parent": 87, "creator": null, "grade": "01", "pinyin": null, "creation": "2015-07-15T12:04:17", "virtual": false, "short": null, "qualification": null, "series": "A", "modification": "2015-07-15T12:04:17", "organization": null, "modifier": null, "document": "", "unit": 74, "description": null}, "model": "organ.position", "pk": 112}, {"fields": {"status": true, "weight": 11, "begin": "2015-07-15", "code": "P1011", "end": "9999-12-31", "name": "\u4f1a\u8ba1", "parent": 93, "creator": null, "grade": "01", "pinyin": null, "creation": "2015-07-15T12:04:17", "virtual": false, "short": null, "qualification": null, "series": "A", "modification": "2015-07-15T12:04:17", "organization": null, "modifier": null, "document": "", "unit": 73, "description": null}, "model": "organ.position", "pk": 113}, {"fields": {"status": true, "weight": 12, "begin": "2015-07-15", "code": "P1012", "end": "9999-12-31", "name": "\u51fa\u7eb3", "parent": 93, "creator": null, "grade": "01", "pinyin": null, "creation": "2015-07-15T12:04:17", "virtual": false, "short": null, "qualification": null, "series": "A", "modification": "2015-07-15T12:04:17", "organization": null, "modifier": null, "document": "", "unit": 73, "description": null}, "model": "organ.position", "pk": 114}, {"fields": {"status": true, "weight": 13, "begin": "2015-07-15", "code": "P1013", "end": "9999-12-31", "name": "\u4eba\u4e8b\u4e13\u5458", "parent": 91, "creator": null, "grade": "01", "pinyin": null, "creation": "2015-07-15T12:04:17", "virtual": false, "short": null, "qualification": null, "series": "A", "modification": "2015-07-15T12:04:17", "organization": null, "modifier": null, "document": "", "unit": 72, "description": null}, "model": "organ.position", "pk": 115}, {"fields": {"status": true, "weight": 14, "begin": "2015-07-15", "code": "P1014", "end": "9999-12-31", "name": "\u53f8\u673a", "parent": 92, "creator": null, "grade": "01", "pinyin": null, "creation": "2015-07-15T12:04:17", "virtual": false, "short": null, "qualification": null, "series": "A", "modification": "2015-07-15T12:04:17", "organization": null, "modifier": null, "document": "", "unit": 72, "description": null}, "model": "organ.position", "pk": 116}, {"fields": {"status": true, "weight": 15, "begin": "2015-07-15", "code": "P1015", "end": "9999-12-31", "name": "\u884c\u653f\u4e13\u5458", "parent": 92, "creator": null, "grade": "01", "pinyin": null, "creation": "2015-07-15T12:04:17", "virtual": false, "short": null, "qualification": null, "series": "A", "modification": "2015-07-15T12:04:17", "organization": null, "modifier": null, "document": "", "unit": 72, "description": null}, "model": "organ.position", "pk": 117}, {"fields": {"status": true, "weight": 16, "begin": "2015-07-15", "code": "P1016", "end": "9999-12-31", "name": "\u62a5\u4ef7\u5458", "parent": 94, "creator": null, "grade": "01", "pinyin": null, "creation": "2015-07-15T12:04:17", "virtual": false, "short": null, "qualification": null, "series": "A", "modification": "2015-07-15T12:04:17", "organization": null, "modifier": null, "document": "", "unit": 75, "description": null}, "model": "organ.position", "pk": 118}, {"fields": {"status": true, "weight": 17, "begin": "2015-07-15", "code": "P1017", "end": "9999-12-31", "name": "\u6280\u672f\u5de5\u7a0b\u5e08", "parent": 94, "creator": null, "grade": "01", "pinyin": null, "creation": "2015-07-15T12:04:17", "virtual": false, "short": null, "qualification": null, "series": "A", "modification": "2015-07-15T12:04:17", "organization": null, "modifier": null, "document": "", "unit": 75, "description": null}, "model": "organ.position", "pk": 119}, {"fields": {"begin": "2015-05-10", "code": "WF001", "end": "9999-12-31", "app_name": "basedata", "description": "", "content_type": 30, "model_name": "employee", "name": "\u65b0\u5458\u5de5\u5165\u804c\u6d41\u7a0b"}, "model": "workflow.modal", "pk": 1}, {"fields": {"begin": "2015-07-01", "code": "WF002", "end": "9999-12-31", "app_name": "basedata", "description": "", "content_type": 19, "model_name": "project", "name": "\u9879\u76ee\u5ba1\u6279\u6d41\u7a0b"}, "model": "workflow.modal", "pk": 2}, {"fields": {"begin": "2016-12-12", "code": "WF003", "end": "9999-12-31", "app_name": "basedata", "description": "\u751f\u5e73", "content_type": 23, "model_name": "brand", "name": "\u5218\u6b22"}, "model": "workflow.modal", "pk": 3}, {"fields": {"param_name": 1, "param_value": null, "workorder": 2}, "model": "selfhelp.woextravalue", "pk": 1}, {"fields": {"param_name": 2, "param_value": null, "workorder": 2}, "model": "selfhelp.woextravalue", "pk": 2}, {"fields": {"param_name": 3, "param_value": null, "workorder": 2}, "model": "selfhelp.woextravalue", "pk": 3}, {"fields": {"param_name": 4, "param_value": null, "workorder": 4}, "model": "selfhelp.woextravalue", "pk": 4}, {"fields": {"param_name": 5, "param_value": null, "workorder": 4}, "model": "selfhelp.woextravalue", "pk": 5}, {"fields": {"param_name": 6, "param_value": null, "workorder": 4}, "model": "selfhelp.woextravalue", "pk": 6}, {"fields": {"param_name": 7, "param_value": null, "workorder": 4}, "model": "selfhelp.woextravalue", "pk": 7}, {"fields": {"param_name": 19, "param_value": null, "workorder": 1}, "model": "selfhelp.woextravalue", "pk": 8}, {"fields": {"reimbursement": 1, "begin": "2015-07-04", "memo": "\u5370\u5237\u4f01\u4e1a\u5ba3\u4f20\u518c", "amount": "1258.00", "expense_account": 18}, "model": "selfhelp.reimbursementitem", "pk": 1}, {"fields": {"reimbursement": 1, "begin": "2015-07-04", "memo": "\u7ef4\u4fee\u516c\u53f8\u6253\u5370\u673a", "amount": "90.00", "expense_account": 25}, "model": "selfhelp.reimbursementitem", "pk": 2}, {"fields": {"code": "AC00001", "classification": "T", "creator": "zhugl", "creation": "2015-06-11T22:36:57", "short_message_notice": true, "mail_list": "nsg@abc.com;cuc@abc.com;", "end": "9999-12-31", "title": "hadoop\u5927\u6570\u636e\u5e94\u7528Qcon\u5206\u4eab", "attach": "", "speaker": "\u674e\u56db", "location": "", "modification": "2015-06-11T22:36:57", "accept_enroll": true, "status": false, "begin": "2015-06-11", "publish_time": null, "description": "\u5173\u4e8ehadoop\u5927\u6570\u636e\u6280\u672f\u5206\u4eab", "parent": null, "enroll_deadline": null, "host": "\u5f20\u4e09", "begin_time": "2015-06-12T10:34:00", "weixin_notice": true, "room": 6, "end_time": "2015-06-12T16:34:00", "mail_notice": true, "modifier": null}, "model": "selfhelp.activity", "pk": 1}, {"fields": {"code": "AC00002", "classification": "M", "creator": "chengcai", "creation": "2015-07-01T06:17:53", "short_message_notice": true, "mail_list": "", "end": "9999-12-31", "title": "2", "attach": "", "speaker": "", "location": "", "modification": "2015-07-01T06:37:00", "accept_enroll": true, "status": false, "begin": "2015-07-01", "publish_time": null, "description": "1234567", "parent": null, "enroll_deadline": null, "host": "", "begin_time": "2015-07-01T18:17:00", "weixin_notice": true, "room": 6, "end_time": "2015-07-02T00:17:00", "mail_notice": true, "modifier": "chengcai"}, "model": "selfhelp.activity", "pk": 2}, {"fields": {"code": "AC00003", "classification": "M", "creator": "chengcai", "creation": "2015-07-01T06:37:21", "short_message_notice": true, "mail_list": "", "end": "9999-12-31", "title": "123", "attach": "", "speaker": "", "location": "", "modification": "2015-07-01T06:37:21", "accept_enroll": true, "status": false, "begin": "2015-07-01", "publish_time": null, "description": "123", "parent": null, "enroll_deadline": null, "host": "", "begin_time": "2015-07-01T18:37:00", "weixin_notice": true, "room": 6, "end_time": "2015-07-02T00:37:00", "mail_notice": true, "modifier": null}, "model": "selfhelp.activity", "pk": 3}, {"fields": {"code": "1001", "plus_or_minus": "+", "name": "\u57fa\u672c\u5de5\u8d44", "classification": "10", "required": true}, "model": "hr.salaryitem", "pk": 1}, {"fields": {"code": "1002", "plus_or_minus": "+", "name": "\u5c97\u4f4d\u5de5\u8d44", "classification": "10", "required": true}, "model": "hr.salaryitem", "pk": 2}, {"fields": {"code": "1003", "plus_or_minus": "+", "name": "\u6280\u80fd\u5de5\u8d44", "classification": "10", "required": true}, "model": "hr.salaryitem", "pk": 3}, {"fields": {"code": "1004", "plus_or_minus": "+", "name": "\u5b66\u5386\u5de5\u8d44", "classification": "10", "required": true}, "model": "hr.salaryitem", "pk": 4}, {"fields": {"code": "1006", "plus_or_minus": "+", "name": "\u804c\u52a1\u5de5\u8d44", "classification": "10", "required": true}, "model": "hr.salaryitem", "pk": 5}, {"fields": {"code": "2001", "plus_or_minus": "-", "name": "\u517b\u8001\u4fdd\u9669", "classification": "20", "required": true}, "model": "hr.salaryitem", "pk": 6}, {"fields": {"code": "2002", "plus_or_minus": "-", "name": "\u533b\u7597\u4fdd\u9669", "classification": "20", "required": true}, "model": "hr.salaryitem", "pk": 7}, {"fields": {"code": "2003", "plus_or_minus": "-", "name": "\u751f\u80b2\u4fdd\u9669", "classification": "20", "required": true}, "model": "hr.salaryitem", "pk": 8}, {"fields": {"code": "2004", "plus_or_minus": "-", "name": "\u5931\u4e1a\u4fdd\u9669", "classification": "20", "required": true}, "model": "hr.salaryitem", "pk": 9}, {"fields": {"code": "2005", "plus_or_minus": "-", "name": "\u5de5\u4f24\u4fdd\u9669", "classification": "20", "required": true}, "model": "hr.salaryitem", "pk": 10}, {"fields": {"code": "2006", "plus_or_minus": "-", "name": "\u4f4f\u623f\u516c\u79ef\u91d1", "classification": "20", "required": true}, "model": "hr.salaryitem", "pk": 11}, {"fields": {"code": "3001", "plus_or_minus": "+", "name": "\u9500\u552e\u4f63\u91d1", "classification": "30", "required": false}, "model": "hr.salaryitem", "pk": 12}, {"fields": {"code": "3002", "plus_or_minus": "+", "name": "\u4f2f\u4e50\u5956", "classification": "30", "required": false}, "model": "hr.salaryitem", "pk": 13}, {"fields": {"code": "4001", "plus_or_minus": "+", "name": "\u9ad8\u6e29\u8d39", "classification": "40", "required": false}, "model": "hr.salaryitem", "pk": 14}, {"fields": {"code": "4002", "plus_or_minus": "+", "name": "\u53d6\u6696\u8d39", "classification": "40", "required": false}, "model": "hr.salaryitem", "pk": 15}, {"fields": {"code": "4003", "plus_or_minus": "+", "name": "\u72ec\u751f\u5b50\u5973\u8d39", "classification": "40", "required": false}, "model": "hr.salaryitem", "pk": 16}, {"fields": {"code": "4004", "plus_or_minus": "+", "name": "\u4ea4\u901a\u8d39", "classification": "40", "required": false}, "model": "hr.salaryitem", "pk": 17}, {"fields": {"code": "4005", "plus_or_minus": "+", "name": "\u4f4f\u623f\u8865\u8d34", "classification": "40", "required": false}, "model": "hr.salaryitem", "pk": 18}, {"fields": {"code": "1213123124", "creator": "lwl", "idcard": "\u5341\u5927\u53d1", "rank": "22", "guider": 1, "category": "21", "ygxs": "2", "end": "9999-12-31", "zipcode": "\u8428\u53d1", "modification": "2016-12-12T18:21:40", "probation_months": "3", "profile": "", "begin": "2016-12-12", "creation": "2016-12-12T18:21:40", "pinyin": "\u6211\u8bf4\u7684", "memo": "\u76db\u5927\u53d1\u552e", "phone": "\u6536\u5230f", "birthday": null, "address": "\u7b2c\u4e09\u65b9", "name": "\u5218\u6b22", "gender": "1", "probation_end": "2017-03-12", "position": 119, "modifier": null, "probation_begin": "2016-12-12"}, "model": "hr.entry", "pk": 1}, {"fields": {"code": "12312", "creator": "lwl", "idcard": "\u6492\u65e6\u6cd5\u5e08\u6253f", "rank": "11", "guider": 5, "category": "21", "ygxs": "2", "end": "9999-12-31", "zipcode": "\u6492\u65e6\u8303\u5fb7\u8428\u53d1", "modification": "2016-12-12T18:22:22", "probation_months": "3", "profile": "", "begin": "2016-12-12", "creation": "2016-12-12T18:22:22", "pinyin": "\u6492\u65e6f", "memo": "\u6492\u6253\u53d1", "phone": "\u6492\u6253\u53d1\u5341\u5927", "birthday": null, "address": " \u6253f", "name": "\u6253\u5206", "gender": "1", "probation_end": "2017-03-12", "position": 109, "modifier": null, "probation_begin": "2016-12-12"}, "model": "hr.entry", "pk": 2}, {"fields": {"employee_percent": "0.02", "fixed_value": "100.00", "org_percent": "0.02", "calculate_way": "30", "employee": null, "entry": 1, "salary_item": 2, "base_value": "0.01"}, "model": "hr.employeesalaryitem", "pk": 1}, {"fields": {"employee_percent": null, "fixed_value": null, "org_percent": null, "calculate_way": "10", "employee": null, "entry": 1, "salary_item": 3, "base_value": null}, "model": "hr.employeesalaryitem", "pk": 2}, {"fields": {"employee_percent": null, "fixed_value": "100.00", "org_percent": null, "calculate_way": "10", "employee": null, "entry": 2, "salary_item": 2, "base_value": null}, "model": "hr.employeesalaryitem", "pk": 3}, {"fields": {"begin": null, "material": 40, "end": null, "creator": null, "price": "5.6000", "creation": "2015-06-14T13:22:54", "cnt": "114.0000", "batch": null, "warehouse": 11, "measure": 3, "modification": "2015-07-17T12:56:25", "org": null, "modifier": null}, "model": "invent.inventory", "pk": 42}, {"fields": {"begin": null, "material": 41, "end": null, "creator": null, "price": "8.2000", "creation": "2015-06-14T13:22:54", "cnt": "105.0000", "batch": null, "warehouse": 11, "measure": 3, "modification": "2015-06-14T13:22:54", "org": null, "modifier": null}, "model": "invent.inventory", "pk": 43}, {"fields": {"begin": null, "material": 42, "end": null, "creator": null, "price": "9.5000", "creation": "2015-06-14T13:22:54", "cnt": "569.0000", "batch": null, "warehouse": 11, "measure": 3, "modification": "2015-06-14T13:22:54", "org": null, "modifier": null}, "model": "invent.inventory", "pk": 44}, {"fields": {"begin": null, "material": 43, "end": null, "creator": null, "price": "6.5000", "creation": "2015-06-14T13:22:54", "cnt": "160.0000", "batch": null, "warehouse": 11, "measure": 3, "modification": "2015-07-17T12:37:12", "org": null, "modifier": null}, "model": "invent.inventory", "pk": 45}, {"fields": {"begin": null, "material": 44, "end": null, "creator": null, "price": "7.8000", "creation": "2015-06-14T13:22:54", "cnt": "276.0000", "batch": null, "warehouse": 11, "measure": 3, "modification": "2015-06-14T13:22:54", "org": null, "modifier": null}, "model": "invent.inventory", "pk": 46}, {"fields": {"begin": null, "material": 45, "end": null, "creator": null, "price": "6.9000", "creation": "2015-06-14T13:22:54", "cnt": "310.0000", "batch": null, "warehouse": 11, "measure": 3, "modification": "2015-06-21T14:42:33", "org": null, "modifier": null}, "model": "invent.inventory", "pk": 47}, {"fields": {"begin": null, "material": 46, "end": null, "creator": null, "price": "12.6000", "creation": "2015-06-14T13:22:54", "cnt": "39.0000", "batch": null, "warehouse": 11, "measure": 3, "modification": "2015-06-21T14:42:33", "org": null, "modifier": null}, "model": "invent.inventory", "pk": 48}, {"fields": {"begin": null, "material": 47, "end": null, "creator": null, "price": "8.2000", "creation": "2015-06-14T13:22:54", "cnt": "97.0000", "batch": null, "warehouse": 11, "measure": 3, "modification": "2015-07-17T12:37:12", "org": null, "modifier": null}, "model": "invent.inventory", "pk": 49}, {"fields": {"begin": null, "material": 48, "end": null, "creator": null, "price": "8.9000", "creation": "2015-06-14T13:22:54", "cnt": "315.0000", "batch": null, "warehouse": 11, "measure": 3, "modification": "2015-06-14T13:22:54", "org": null, "modifier": null}, "model": "invent.inventory", "pk": 50}, {"fields": {"begin": null, "material": 49, "end": null, "creator": null, "price": "14.6000", "creation": "2015-06-14T13:22:54", "cnt": "208.0000", "batch": null, "warehouse": 11, "measure": 3, "modification": "2015-07-17T12:37:12", "org": null, "modifier": null}, "model": "invent.inventory", "pk": 51}, {"fields": {"begin": null, "material": 2, "end": null, "creator": null, "price": "4512.8205", "creation": "2015-06-14T13:33:05", "cnt": "2.0000", "batch": null, "warehouse": 3, "measure": 9, "modification": "2015-06-21T10:23:35", "org": null, "modifier": null}, "model": "invent.inventory", "pk": 52}, {"fields": {"begin": null, "material": 4, "end": null, "creator": null, "price": "27.3504", "creation": "2015-07-17T12:29:02", "cnt": "5.0000", "batch": null, "warehouse": 3, "measure": 1, "modification": "2015-07-17T12:29:02", "org": null, "modifier": null}, "model": "invent.inventory", "pk": 53}, {"fields": {"begin": null, "material": 55, "end": null, "creator": null, "price": "255.5556", "creation": "2015-07-17T12:29:02", "cnt": "5.0000", "batch": null, "warehouse": 3, "measure": 1, "modification": "2015-07-17T12:29:02", "org": null, "modifier": null}, "model": "invent.inventory", "pk": 54}, {"fields": {"status": true, "cnt": "120.0000", "event_time": "2015-06-14T13:22:54", "price": "5.6000", "material": 40, "batch": null, "prop": "+", "source": "QC015", "create_time": "2015-06-14T13:22:36", "measure": 3, "warehouse": 11}, "model": "invent.inoutdetail", "pk": 76}, {"fields": {"status": true, "cnt": "105.0000", "event_time": "2015-06-14T13:22:54", "price": "8.2000", "material": 41, "batch": null, "prop": "+", "source": "QC015", "create_time": "2015-06-14T13:22:36", "measure": 3, "warehouse": 11}, "model": "invent.inoutdetail", "pk": 77}, {"fields": {"status": true, "cnt": "569.0000", "event_time": "2015-06-14T13:22:54", "price": "9.5000", "material": 42, "batch": null, "prop": "+", "source": "QC015", "create_time": "2015-06-14T13:22:36", "measure": 3, "warehouse": 11}, "model": "invent.inoutdetail", "pk": 78}, {"fields": {"status": true, "cnt": "159.0000", "event_time": "2015-06-14T13:22:54", "price": "6.5000", "material": 43, "batch": null, "prop": "+", "source": "QC015", "create_time": "2015-06-14T13:22:36", "measure": 3, "warehouse": 11}, "model": "invent.inoutdetail", "pk": 79}, {"fields": {"status": true, "cnt": "276.0000", "event_time": "2015-06-14T13:22:54", "price": "7.8000", "material": 44, "batch": null, "prop": "+", "source": "QC015", "create_time": "2015-06-14T13:22:36", "measure": 3, "warehouse": 11}, "model": "invent.inoutdetail", "pk": 80}, {"fields": {"status": true, "cnt": "309.0000", "event_time": "2015-06-14T13:22:54", "price": "6.9000", "material": 45, "batch": null, "prop": "+", "source": "QC015", "create_time": "2015-06-14T13:22:36", "measure": 3, "warehouse": 11}, "model": "invent.inoutdetail", "pk": 81}, {"fields": {"status": true, "cnt": "38.0000", "event_time": "2015-06-14T13:22:54", "price": "12.6000", "material": 46, "batch": null, "prop": "+", "source": "QC015", "create_time": "2015-06-14T13:22:36", "measure": 3, "warehouse": 11}, "model": "invent.inoutdetail", "pk": 82}, {"fields": {"status": true, "cnt": "98.0000", "event_time": "2015-06-14T13:22:54", "price": "8.2000", "material": 47, "batch": null, "prop": "+", "source": "QC015", "create_time": "2015-06-14T13:22:36", "measure": 3, "warehouse": 11}, "model": "invent.inoutdetail", "pk": 83}, {"fields": {"status": true, "cnt": "315.0000", "event_time": "2015-06-14T13:22:54", "price": "8.9000", "material": 48, "batch": null, "prop": "+", "source": "QC015", "create_time": "2015-06-14T13:22:36", "measure": 3, "warehouse": 11}, "model": "invent.inoutdetail", "pk": 84}, {"fields": {"status": true, "cnt": "212.0000", "event_time": "2015-06-14T13:22:54", "price": "14.6000", "material": 49, "batch": null, "prop": "+", "source": "QC015", "create_time": "2015-06-14T13:22:36", "measure": 3, "warehouse": 11}, "model": "invent.inoutdetail", "pk": 85}, {"fields": {"status": true, "cnt": "1.0000", "event_time": "2015-06-21T14:42:33", "price": null, "material": 47, "batch": null, "prop": "+", "source": "TZ001", "create_time": "2015-06-21T14:34:47", "measure": 3, "warehouse": 11}, "model": "invent.inoutdetail", "pk": 102}, {"fields": {"status": true, "cnt": "1.0000", "event_time": "2015-06-21T14:42:33", "price": null, "material": 46, "batch": null, "prop": "+", "source": "TZ001", "create_time": "2015-06-21T14:34:47", "measure": 3, "warehouse": 11}, "model": "invent.inoutdetail", "pk": 103}, {"fields": {"status": true, "cnt": "1.0000", "event_time": "2015-06-21T14:42:33", "price": null, "material": 45, "batch": null, "prop": "+", "source": "TZ001", "create_time": "2015-06-21T14:34:47", "measure": 3, "warehouse": 11}, "model": "invent.inoutdetail", "pk": 104}, {"fields": {"status": true, "cnt": "5.0000", "event_time": "2015-07-15T12:43:35", "price": "5.6000", "material": 40, "batch": null, "prop": "-", "source": "CK00001", "create_time": "2015-07-15T12:36:18", "measure": 3, "warehouse": 11}, "model": "invent.inoutdetail", "pk": 105}, {"fields": {"status": true, "cnt": "5.0000", "event_time": "2015-07-17T12:29:02", "price": "27.3504", "material": 4, "batch": "", "prop": "+", "source": "RK00001", "create_time": "2015-07-17T12:07:05", "measure": 1, "warehouse": 3}, "model": "invent.inoutdetail", "pk": 106}, {"fields": {"status": true, "cnt": "5.0000", "event_time": "2015-07-17T12:29:02", "price": "255.5556", "material": 55, "batch": "", "prop": "+", "source": "RK00001", "create_time": "2015-07-17T12:07:05", "measure": 1, "warehouse": 3}, "model": "invent.inoutdetail", "pk": 107}, {"fields": {"status": true, "cnt": "1.0000", "event_time": "2015-07-17T12:37:12", "price": null, "material": 49, "batch": null, "prop": "+", "source": "TZ002", "create_time": "2015-07-17T12:09:39", "measure": 3, "warehouse": 11}, "model": "invent.inoutdetail", "pk": 108}, {"fields": {"status": true, "cnt": "2.0000", "event_time": "2015-07-17T12:37:12", "price": null, "material": 47, "batch": null, "prop": "-", "source": "TZ002", "create_time": "2015-07-17T12:09:39", "measure": 3, "warehouse": 11}, "model": "invent.inoutdetail", "pk": 109}, {"fields": {"status": true, "cnt": "1.0000", "event_time": "2015-07-17T12:37:12", "price": null, "material": 43, "batch": null, "prop": "+", "source": "TZ002", "create_time": "2015-07-17T12:09:39", "measure": 3, "warehouse": 11}, "model": "invent.inoutdetail", "pk": 110}, {"fields": {"status": true, "cnt": "2.0000", "event_time": "2015-07-17T12:56:25", "price": "5.6000", "material": 40, "batch": null, "prop": "+", "source": "FK0001", "create_time": "2015-07-17T12:12:39", "measure": 3, "warehouse": 11}, "model": "invent.inoutdetail", "pk": 111}, {"fields": {"master": 15}, "model": "invent.inititem", "pk": 76}, {"fields": {"master": 15}, "model": "invent.inititem", "pk": 77}, {"fields": {"master": 15}, "model": "invent.inititem", "pk": 78}, {"fields": {"master": 15}, "model": "invent.inititem", "pk": 79}, {"fields": {"master": 15}, "model": "invent.inititem", "pk": 80}, {"fields": {"master": 15}, "model": "invent.inititem", "pk": 81}, {"fields": {"master": 15}, "model": "invent.inititem", "pk": 82}, {"fields": {"master": 15}, "model": "invent.inititem", "pk": 83}, {"fields": {"master": 15}, "model": "invent.inititem", "pk": 84}, {"fields": {"master": 15}, "model": "invent.inititem", "pk": 85}, {"fields": {"po_item": 1, "master": 1}, "model": "invent.initem", "pk": 106}, {"fields": {"po_item": 2, "master": 1}, "model": "invent.initem", "pk": 107}, {"fields": {"master": 1, "inventory": 42}, "model": "invent.outitem", "pk": 105}, {"fields": {"out_cnt": "5.0000", "master": 1, "out_item": 105}, "model": "invent.returnitem", "pk": 111}, {"fields": {"master": 1, "inventory": 49}, "model": "invent.adjustitem", "pk": 102}, {"fields": {"master": 1, "inventory": 48}, "model": "invent.adjustitem", "pk": 103}, {"fields": {"master": 1, "inventory": 47}, "model": "invent.adjustitem", "pk": 104}, {"fields": {"master": 2, "inventory": 51}, "model": "invent.adjustitem", "pk": 108}, {"fields": {"master": 2, "inventory": 49}, "model": "invent.adjustitem", "pk": 109}, {"fields": {"master": 2, "inventory": 45}, "model": "invent.adjustitem", "pk": 110}, {"fields": {"cnt": "5.0000", "in_stock_time": "2015-07-17T12:29:02", "entry_cnt": "5.0000", "woitem": null, "price": "32.0000", "material": 4, "tax": "0.17", "discount_price": null, "is_in_stock": true, "amount": "160.00", "left_cnt": "0.0000", "measure": 1, "po": 1, "discount_amount": null}, "model": "purchase.poitem", "pk": 1}, {"fields": {"cnt": "5.0000", "in_stock_time": "2015-07-17T12:29:02", "entry_cnt": "5.0000", "woitem": null, "price": "299.0000", "material": 55, "tax": "0.17", "discount_price": null, "is_in_stock": true, "amount": "1495.00", "left_cnt": "0.0000", "measure": 1, "po": 1, "discount_amount": null}, "model": "purchase.poitem", "pk": 2}, {"fields": {"status": false, "cnt": "2.0000", "event_time": null, "brand": null, "material": 55, "tax": "0.00", "discount_price": null, "stock_price": null, "create_time": "2015-07-07T21:09:47", "master": 1, "measure": 2, "sale_price": "550.0000", "cost_price": null}, "model": "sale.offeritem", "pk": 1}, {"fields": {"status": false, "cnt": "2.0000", "event_time": null, "brand": null, "material": 54, "tax": "0.00", "discount_price": null, "stock_price": null, "create_time": "2015-07-07T21:09:47", "master": 1, "measure": 2, "sale_price": "9999.0000", "cost_price": null}, "model": "sale.offeritem", "pk": 2}, {"fields": {"status": false, "cnt": "2.0000", "event_time": null, "brand": null, "material": 52, "tax": "0.00", "discount_price": null, "stock_price": null, "create_time": "2015-07-07T21:09:47", "master": 1, "measure": 2, "sale_price": "320.0000", "cost_price": null}, "model": "sale.offeritem", "pk": 3}, {"fields": {"codename": "add_logentry", "name": "Can add log entry", "content_type": 1}, "model": "auth.permission", "pk": 1}, {"fields": {"codename": "change_logentry", "name": "Can change log entry", "content_type": 1}, "model": "auth.permission", "pk": 2}, {"fields": {"codename": "delete_logentry", "name": "Can delete log entry", "content_type": 1}, "model": "auth.permission", "pk": 3}, {"fields": {"codename": "add_permission", "name": "Can add permission", "content_type": 2}, "model": "auth.permission", "pk": 4}, {"fields": {"codename": "change_permission", "name": "Can change permission", "content_type": 2}, "model": "auth.permission", "pk": 5}, {"fields": {"codename": "delete_permission", "name": "Can delete permission", "content_type": 2}, "model": "auth.permission", "pk": 6}, {"fields": {"codename": "add_group", "name": "Can add group", "content_type": 3}, "model": "auth.permission", "pk": 7}, {"fields": {"codename": "change_group", "name": "Can change group", "content_type": 3}, "model": "auth.permission", "pk": 8}, {"fields": {"codename": "delete_group", "name": "Can delete group", "content_type": 3}, "model": "auth.permission", "pk": 9}, {"fields": {"codename": "add_user", "name": "Can add user", "content_type": 4}, "model": "auth.permission", "pk": 10}, {"fields": {"codename": "change_user", "name": "Can change user", "content_type": 4}, "model": "auth.permission", "pk": 11}, {"fields": {"codename": "delete_user", "name": "Can delete user", "content_type": 4}, "model": "auth.permission", "pk": 12}, {"fields": {"codename": "add_contenttype", "name": "Can add content type", "content_type": 5}, "model": "auth.permission", "pk": 13}, {"fields": {"codename": "change_contenttype", "name": "Can change content type", "content_type": 5}, "model": "auth.permission", "pk": 14}, {"fields": {"codename": "delete_contenttype", "name": "Can delete content type", "content_type": 5}, "model": "auth.permission", "pk": 15}, {"fields": {"codename": "add_session", "name": "Can add session", "content_type": 6}, "model": "auth.permission", "pk": 16}, {"fields": {"codename": "change_session", "name": "Can change session", "content_type": 6}, "model": "auth.permission", "pk": 17}, {"fields": {"codename": "delete_session", "name": "Can delete session", "content_type": 6}, "model": "auth.permission", "pk": 18}, {"fields": {"codename": "add_site", "name": "Can add Site", "content_type": 7}, "model": "auth.permission", "pk": 19}, {"fields": {"codename": "change_site", "name": "Can change Site", "content_type": 7}, "model": "auth.permission", "pk": 20}, {"fields": {"codename": "delete_site", "name": "Can delete Site", "content_type": 7}, "model": "auth.permission", "pk": 21}, {"fields": {"codename": "add_module", "name": "Can add module", "content_type": 8}, "model": "auth.permission", "pk": 22}, {"fields": {"codename": "change_module", "name": "Can change module", "content_type": 8}, "model": "auth.permission", "pk": 23}, {"fields": {"codename": "delete_module", "name": "Can delete module", "content_type": 8}, "model": "auth.permission", "pk": 24}, {"fields": {"codename": "add_menu", "name": "Can add menu", "content_type": 9}, "model": "auth.permission", "pk": 25}, {"fields": {"codename": "change_menu", "name": "Can change menu", "content_type": 9}, "model": "auth.permission", "pk": 26}, {"fields": {"codename": "delete_menu", "name": "Can delete menu", "content_type": 9}, "model": "auth.permission", "pk": 27}, {"fields": {"codename": "add_role", "name": "Can add role", "content_type": 10}, "model": "auth.permission", "pk": 28}, {"fields": {"codename": "change_role", "name": "Can change role", "content_type": 10}, "model": "auth.permission", "pk": 29}, {"fields": {"codename": "delete_role", "name": "Can delete role", "content_type": 10}, "model": "auth.permission", "pk": 30}, {"fields": {"codename": "add_valuelist", "name": "Can add value list", "content_type": 11}, "model": "auth.permission", "pk": 31}, {"fields": {"codename": "change_valuelist", "name": "Can change value list", "content_type": 11}, "model": "auth.permission", "pk": 32}, {"fields": {"codename": "delete_valuelist", "name": "Can delete value list", "content_type": 11}, "model": "auth.permission", "pk": 33}, {"fields": {"codename": "add_valuelistitem", "name": "Can add list item", "content_type": 12}, "model": "auth.permission", "pk": 34}, {"fields": {"codename": "change_valuelistitem", "name": "Can change list item", "content_type": 12}, "model": "auth.permission", "pk": 35}, {"fields": {"codename": "delete_valuelistitem", "name": "Can delete list item", "content_type": 12}, "model": "auth.permission", "pk": 36}, {"fields": {"codename": "add_address", "name": "Can add address", "content_type": 13}, "model": "auth.permission", "pk": 37}, {"fields": {"codename": "change_address", "name": "Can change address", "content_type": 13}, "model": "auth.permission", "pk": 38}, {"fields": {"codename": "delete_address", "name": "Can delete address", "content_type": 13}, "model": "auth.permission", "pk": 39}, {"fields": {"codename": "add_partner", "name": "Can add partner", "content_type": 14}, "model": "auth.permission", "pk": 40}, {"fields": {"codename": "change_partner", "name": "Can change partner", "content_type": 14}, "model": "auth.permission", "pk": 41}, {"fields": {"codename": "delete_partner", "name": "Can delete partner", "content_type": 14}, "model": "auth.permission", "pk": 42}, {"fields": {"codename": "add_bankaccount", "name": "Can add bank account", "content_type": 15}, "model": "auth.permission", "pk": 43}, {"fields": {"codename": "change_bankaccount", "name": "Can change bank account", "content_type": 15}, "model": "auth.permission", "pk": 44}, {"fields": {"codename": "delete_bankaccount", "name": "Can delete bank account", "content_type": 15}, "model": "auth.permission", "pk": 45}, {"fields": {"codename": "add_organization", "name": "Can add organization", "content_type": 16}, "model": "auth.permission", "pk": 46}, {"fields": {"codename": "change_organization", "name": "Can change organization", "content_type": 16}, "model": "auth.permission", "pk": 47}, {"fields": {"codename": "delete_organization", "name": "Can delete organization", "content_type": 16}, "model": "auth.permission", "pk": 48}, {"fields": {"codename": "add_orgunit", "name": "Can add org unit", "content_type": 17}, "model": "auth.permission", "pk": 49}, {"fields": {"codename": "change_orgunit", "name": "Can change org unit", "content_type": 17}, "model": "auth.permission", "pk": 50}, {"fields": {"codename": "delete_orgunit", "name": "Can delete org unit", "content_type": 17}, "model": "auth.permission", "pk": 51}, {"fields": {"codename": "add_position", "name": "Can add position", "content_type": 18}, "model": "auth.permission", "pk": 52}, {"fields": {"codename": "change_position", "name": "Can change position", "content_type": 18}, "model": "auth.permission", "pk": 53}, {"fields": {"codename": "delete_position", "name": "Can delete position", "content_type": 18}, "model": "auth.permission", "pk": 54}, {"fields": {"codename": "add_project", "name": "Can add project", "content_type": 19}, "model": "auth.permission", "pk": 55}, {"fields": {"codename": "change_project", "name": "Can change project", "content_type": 19}, "model": "auth.permission", "pk": 56}, {"fields": {"codename": "delete_project", "name": "Can delete project", "content_type": 19}, "model": "auth.permission", "pk": 57}, {"fields": {"codename": "add_warehouse", "name": "Can add warehouse", "content_type": 20}, "model": "auth.permission", "pk": 58}, {"fields": {"codename": "change_warehouse", "name": "Can change warehouse", "content_type": 20}, "model": "auth.permission", "pk": 59}, {"fields": {"codename": "delete_warehouse", "name": "Can delete warehouse", "content_type": 20}, "model": "auth.permission", "pk": 60}, {"fields": {"codename": "add_measure", "name": "Can add measure", "content_type": 21}, "model": "auth.permission", "pk": 61}, {"fields": {"codename": "change_measure", "name": "Can change measure", "content_type": 21}, "model": "auth.permission", "pk": 62}, {"fields": {"codename": "delete_measure", "name": "Can delete measure", "content_type": 21}, "model": "auth.permission", "pk": 63}, {"fields": {"codename": "add_trade", "name": "Can add trade", "content_type": 22}, "model": "auth.permission", "pk": 64}, {"fields": {"codename": "change_trade", "name": "Can change trade", "content_type": 22}, "model": "auth.permission", "pk": 65}, {"fields": {"codename": "delete_trade", "name": "Can delete trade", "content_type": 22}, "model": "auth.permission", "pk": 66}, {"fields": {"codename": "add_brand", "name": "Can add brand", "content_type": 23}, "model": "auth.permission", "pk": 67}, {"fields": {"codename": "change_brand", "name": "Can change brand", "content_type": 23}, "model": "auth.permission", "pk": 68}, {"fields": {"codename": "delete_brand", "name": "Can delete brand", "content_type": 23}, "model": "auth.permission", "pk": 69}, {"fields": {"codename": "add_category", "name": "Can add category", "content_type": 24}, "model": "auth.permission", "pk": 70}, {"fields": {"codename": "change_category", "name": "Can change category", "content_type": 24}, "model": "auth.permission", "pk": 71}, {"fields": {"codename": "delete_category", "name": "Can delete category", "content_type": 24}, "model": "auth.permission", "pk": 72}, {"fields": {"codename": "add_technicalparametername", "name": "Can add technical parameter", "content_type": 25}, "model": "auth.permission", "pk": 73}, {"fields": {"codename": "change_technicalparametername", "name": "Can change technical parameter", "content_type": 25}, "model": "auth.permission", "pk": 74}, {"fields": {"codename": "delete_technicalparametername", "name": "Can delete technical parameter", "content_type": 25}, "model": "auth.permission", "pk": 75}, {"fields": {"codename": "add_technicalparametervalue", "name": "Can add technical value", "content_type": 26}, "model": "auth.permission", "pk": 76}, {"fields": {"codename": "change_technicalparametervalue", "name": "Can change technical value", "content_type": 26}, "model": "auth.permission", "pk": 77}, {"fields": {"codename": "delete_technicalparametervalue", "name": "Can delete technical value", "content_type": 26}, "model": "auth.permission", "pk": 78}, {"fields": {"codename": "add_material", "name": "Can add material", "content_type": 27}, "model": "auth.permission", "pk": 79}, {"fields": {"codename": "change_material", "name": "Can change material", "content_type": 27}, "model": "auth.permission", "pk": 80}, {"fields": {"codename": "delete_material", "name": "Can delete material", "content_type": 27}, "model": "auth.permission", "pk": 81}, {"fields": {"codename": "add_materialparam", "name": "Can add material parameter", "content_type": 28}, "model": "auth.permission", "pk": 82}, {"fields": {"codename": "change_materialparam", "name": "Can change material parameter", "content_type": 28}, "model": "auth.permission", "pk": 83}, {"fields": {"codename": "delete_materialparam", "name": "Can delete material parameter", "content_type": 28}, "model": "auth.permission", "pk": 84}, {"fields": {"codename": "add_expenseaccount", "name": "Can add expenses account", "content_type": 29}, "model": "auth.permission", "pk": 85}, {"fields": {"codename": "change_expenseaccount", "name": "Can change expenses account", "content_type": 29}, "model": "auth.permission", "pk": 86}, {"fields": {"codename": "delete_expenseaccount", "name": "Can delete expenses account", "content_type": 29}, "model": "auth.permission", "pk": 87}, {"fields": {"codename": "add_employee", "name": "Can add employee", "content_type": 30}, "model": "auth.permission", "pk": 88}, {"fields": {"codename": "change_employee", "name": "Can change employee", "content_type": 30}, "model": "auth.permission", "pk": 89}, {"fields": {"codename": "delete_employee", "name": "Can delete employee", "content_type": 30}, "model": "auth.permission", "pk": 90}, {"fields": {"codename": "add_family", "name": "Can add family member", "content_type": 31}, "model": "auth.permission", "pk": 91}, {"fields": {"codename": "change_family", "name": "Can change family member", "content_type": 31}, "model": "auth.permission", "pk": 92}, {"fields": {"codename": "delete_family", "name": "Can delete family member", "content_type": 31}, "model": "auth.permission", "pk": 93}, {"fields": {"codename": "add_education", "name": "Can add education experience", "content_type": 32}, "model": "auth.permission", "pk": 94}, {"fields": {"codename": "change_education", "name": "Can change education experience", "content_type": 32}, "model": "auth.permission", "pk": 95}, {"fields": {"codename": "delete_education", "name": "Can delete education experience", "content_type": 32}, "model": "auth.permission", "pk": 96}, {"fields": {"codename": "add_workexperience", "name": "Can add work experience", "content_type": 33}, "model": "auth.permission", "pk": 97}, {"fields": {"codename": "change_workexperience", "name": "Can change work experience", "content_type": 33}, "model": "auth.permission", "pk": 98}, {"fields": {"codename": "delete_workexperience", "name": "Can delete work experience", "content_type": 33}, "model": "auth.permission", "pk": 99}, {"fields": {"codename": "add_modal", "name": "Can add workflow model", "content_type": 34}, "model": "auth.permission", "pk": 100}, {"fields": {"codename": "change_modal", "name": "Can change workflow model", "content_type": 34}, "model": "auth.permission", "pk": 101}, {"fields": {"codename": "delete_modal", "name": "Can delete workflow model", "content_type": 34}, "model": "auth.permission", "pk": 102}, {"fields": {"codename": "add_node", "name": "Can add workflow node", "content_type": 35}, "model": "auth.permission", "pk": 103}, {"fields": {"codename": "change_node", "name": "Can change workflow node", "content_type": 35}, "model": "auth.permission", "pk": 104}, {"fields": {"codename": "delete_node", "name": "Can delete workflow node", "content_type": 35}, "model": "auth.permission", "pk": 105}, {"fields": {"codename": "add_instance", "name": "Can add workflow instance", "content_type": 36}, "model": "auth.permission", "pk": 106}, {"fields": {"codename": "change_instance", "name": "Can change workflow instance", "content_type": 36}, "model": "auth.permission", "pk": 107}, {"fields": {"codename": "delete_instance", "name": "Can delete workflow instance", "content_type": 36}, "model": "auth.permission", "pk": 108}, {"fields": {"codename": "add_history", "name": "Can add workflow history", "content_type": 37}, "model": "auth.permission", "pk": 109}, {"fields": {"codename": "change_history", "name": "Can change workflow history", "content_type": 37}, "model": "auth.permission", "pk": 110}, {"fields": {"codename": "delete_history", "name": "Can delete workflow history", "content_type": 37}, "model": "auth.permission", "pk": 111}, {"fields": {"codename": "add_todolist", "name": "Can add workflow todo", "content_type": 38}, "model": "auth.permission", "pk": 112}, {"fields": {"codename": "change_todolist", "name": "Can change workflow todo", "content_type": 38}, "model": "auth.permission", "pk": 113}, {"fields": {"codename": "delete_todolist", "name": "Can delete workflow todo", "content_type": 38}, "model": "auth.permission", "pk": 114}, {"fields": {"codename": "view_all_employee", "name": "view all employee", "content_type": 30}, "model": "auth.permission", "pk": 115}, {"fields": {"codename": "add_extraparam", "name": "Can add extra param", "content_type": 39}, "model": "auth.permission", "pk": 116}, {"fields": {"codename": "change_extraparam", "name": "Can change extra param", "content_type": 39}, "model": "auth.permission", "pk": 117}, {"fields": {"codename": "delete_extraparam", "name": "Can delete extra param", "content_type": 39}, "model": "auth.permission", "pk": 118}, {"fields": {"codename": "add_workorder", "name": "Can add work order", "content_type": 40}, "model": "auth.permission", "pk": 119}, {"fields": {"codename": "change_workorder", "name": "Can change work order", "content_type": 40}, "model": "auth.permission", "pk": 120}, {"fields": {"codename": "delete_workorder", "name": "Can delete work order", "content_type": 40}, "model": "auth.permission", "pk": 121}, {"fields": {"codename": "add_woextravalue", "name": "Can add wo extra value", "content_type": 41}, "model": "auth.permission", "pk": 122}, {"fields": {"codename": "change_woextravalue", "name": "Can change wo extra value", "content_type": 41}, "model": "auth.permission", "pk": 123}, {"fields": {"codename": "delete_woextravalue", "name": "Can delete wo extra value", "content_type": 41}, "model": "auth.permission", "pk": 124}, {"fields": {"codename": "add_woitem", "name": "Can add wo item", "content_type": 42}, "model": "auth.permission", "pk": 125}, {"fields": {"codename": "change_woitem", "name": "Can change wo item", "content_type": 42}, "model": "auth.permission", "pk": 126}, {"fields": {"codename": "delete_woitem", "name": "Can delete wo item", "content_type": 42}, "model": "auth.permission", "pk": 127}, {"fields": {"codename": "add_loan", "name": "Can add loan", "content_type": 43}, "model": "auth.permission", "pk": 128}, {"fields": {"codename": "change_loan", "name": "Can change loan", "content_type": 43}, "model": "auth.permission", "pk": 129}, {"fields": {"codename": "delete_loan", "name": "Can delete loan", "content_type": 43}, "model": "auth.permission", "pk": 130}, {"fields": {"codename": "add_reimbursement", "name": "Can add reimbursement", "content_type": 44}, "model": "auth.permission", "pk": 131}, {"fields": {"codename": "change_reimbursement", "name": "Can change reimbursement", "content_type": 44}, "model": "auth.permission", "pk": 132}, {"fields": {"codename": "delete_reimbursement", "name": "Can delete reimbursement", "content_type": 44}, "model": "auth.permission", "pk": 133}, {"fields": {"codename": "add_reimbursementitem", "name": "Can add fee item ", "content_type": 45}, "model": "auth.permission", "pk": 134}, {"fields": {"codename": "change_reimbursementitem", "name": "Can change fee item ", "content_type": 45}, "model": "auth.permission", "pk": 135}, {"fields": {"codename": "delete_reimbursementitem", "name": "Can delete fee item ", "content_type": 45}, "model": "auth.permission", "pk": 136}, {"fields": {"codename": "add_salaryitem", "name": "Can add salary item", "content_type": 46}, "model": "auth.permission", "pk": 137}, {"fields": {"codename": "change_salaryitem", "name": "Can change salary item", "content_type": 46}, "model": "auth.permission", "pk": 138}, {"fields": {"codename": "delete_salaryitem", "name": "Can delete salary item", "content_type": 46}, "model": "auth.permission", "pk": 139}, {"fields": {"codename": "add_entry", "name": "Can add employee entry", "content_type": 47}, "model": "auth.permission", "pk": 140}, {"fields": {"codename": "change_entry", "name": "Can change employee entry", "content_type": 47}, "model": "auth.permission", "pk": 141}, {"fields": {"codename": "delete_entry", "name": "Can delete employee entry", "content_type": 47}, "model": "auth.permission", "pk": 142}, {"fields": {"codename": "add_employeesalaryitem", "name": "Can add salary item", "content_type": 48}, "model": "auth.permission", "pk": 143}, {"fields": {"codename": "change_employeesalaryitem", "name": "Can change salary item", "content_type": 48}, "model": "auth.permission", "pk": 144}, {"fields": {"codename": "delete_employeesalaryitem", "name": "Can delete salary item", "content_type": 48}, "model": "auth.permission", "pk": 145}, {"fields": {"codename": "add_transfer", "name": "Can add employee transfer", "content_type": 49}, "model": "auth.permission", "pk": 146}, {"fields": {"codename": "change_transfer", "name": "Can change employee transfer", "content_type": 49}, "model": "auth.permission", "pk": 147}, {"fields": {"codename": "delete_transfer", "name": "Can delete employee transfer", "content_type": 49}, "model": "auth.permission", "pk": 148}, {"fields": {"codename": "add_departure", "name": "Can add employee departure", "content_type": 50}, "model": "auth.permission", "pk": 149}, {"fields": {"codename": "change_departure", "name": "Can change employee departure", "content_type": 50}, "model": "auth.permission", "pk": 150}, {"fields": {"codename": "delete_departure", "name": "Can delete employee departure", "content_type": 50}, "model": "auth.permission", "pk": 151}, {"fields": {"codename": "modify_salary_item", "name": "modify salary item", "content_type": 47}, "model": "auth.permission", "pk": 152}, {"fields": {"codename": "add_inventory", "name": "Can add Inventory", "content_type": 51}, "model": "auth.permission", "pk": 153}, {"fields": {"codename": "change_inventory", "name": "Can change Inventory", "content_type": 51}, "model": "auth.permission", "pk": 154}, {"fields": {"codename": "delete_inventory", "name": "Can delete Inventory", "content_type": 51}, "model": "auth.permission", "pk": 155}, {"fields": {"codename": "add_initialinventory", "name": "Can add Initial Inventory", "content_type": 52}, "model": "auth.permission", "pk": 156}, {"fields": {"codename": "change_initialinventory", "name": "Can change Initial Inventory", "content_type": 52}, "model": "auth.permission", "pk": 157}, {"fields": {"codename": "delete_initialinventory", "name": "Can delete Initial Inventory", "content_type": 52}, "model": "auth.permission", "pk": 158}, {"fields": {"codename": "add_stockin", "name": "Can add StockIn", "content_type": 53}, "model": "auth.permission", "pk": 159}, {"fields": {"codename": "change_stockin", "name": "Can change StockIn", "content_type": 53}, "model": "auth.permission", "pk": 160}, {"fields": {"codename": "delete_stockin", "name": "Can delete StockIn", "content_type": 53}, "model": "auth.permission", "pk": 161}, {"fields": {"codename": "add_stockout", "name": "Can add StockOut", "content_type": 54}, "model": "auth.permission", "pk": 162}, {"fields": {"codename": "change_stockout", "name": "Can change StockOut", "content_type": 54}, "model": "auth.permission", "pk": 163}, {"fields": {"codename": "delete_stockout", "name": "Can delete StockOut", "content_type": 54}, "model": "auth.permission", "pk": 164}, {"fields": {"codename": "add_inoutdetail", "name": "Can add in out detail", "content_type": 55}, "model": "auth.permission", "pk": 165}, {"fields": {"codename": "change_inoutdetail", "name": "Can change in out detail", "content_type": 55}, "model": "auth.permission", "pk": 166}, {"fields": {"codename": "delete_inoutdetail", "name": "Can delete in out detail", "content_type": 55}, "model": "auth.permission", "pk": 167}, {"fields": {"codename": "add_inititem", "name": "Can add init item", "content_type": 56}, "model": "auth.permission", "pk": 168}, {"fields": {"codename": "change_inititem", "name": "Can change init item", "content_type": 56}, "model": "auth.permission", "pk": 169}, {"fields": {"codename": "delete_inititem", "name": "Can delete init item", "content_type": 56}, "model": "auth.permission", "pk": 170}, {"fields": {"codename": "add_initem", "name": "Can add in item", "content_type": 57}, "model": "auth.permission", "pk": 171}, {"fields": {"codename": "change_initem", "name": "Can change in item", "content_type": 57}, "model": "auth.permission", "pk": 172}, {"fields": {"codename": "delete_initem", "name": "Can delete in item", "content_type": 57}, "model": "auth.permission", "pk": 173}, {"fields": {"codename": "add_outitem", "name": "Can add out item", "content_type": 58}, "model": "auth.permission", "pk": 174}, {"fields": {"codename": "change_outitem", "name": "Can change out item", "content_type": 58}, "model": "auth.permission", "pk": 175}, {"fields": {"codename": "delete_outitem", "name": "Can delete out item", "content_type": 58}, "model": "auth.permission", "pk": 176}, {"fields": {"codename": "add_purchaseorder", "name": "Can add purchase order", "content_type": 59}, "model": "auth.permission", "pk": 177}, {"fields": {"codename": "change_purchaseorder", "name": "Can change purchase order", "content_type": 59}, "model": "auth.permission", "pk": 178}, {"fields": {"codename": "delete_purchaseorder", "name": "Can delete purchase order", "content_type": 59}, "model": "auth.permission", "pk": 179}, {"fields": {"codename": "add_poitem", "name": "Can add po item", "content_type": 60}, "model": "auth.permission", "pk": 180}, {"fields": {"codename": "change_poitem", "name": "Can change po item", "content_type": 60}, "model": "auth.permission", "pk": 181}, {"fields": {"codename": "delete_poitem", "name": "Can delete po item", "content_type": 60}, "model": "auth.permission", "pk": 182}, {"fields": {"codename": "view_all_customer", "name": "view all customer", "content_type": 15}, "model": "auth.permission", "pk": 183}, {"fields": {"codename": "view_all_supplier", "name": "view all supplier", "content_type": 15}, "model": "auth.permission", "pk": 184}, {"fields": {"codename": "view_all_customer", "name": "view all customer", "content_type": 14}, "model": "auth.permission", "pk": 185}, {"fields": {"codename": "view_all_supplier", "name": "view all supplier", "content_type": 14}, "model": "auth.permission", "pk": 186}, {"fields": {"codename": "add_invoice", "name": "Can add Invoice", "content_type": 61}, "model": "auth.permission", "pk": 187}, {"fields": {"codename": "change_invoice", "name": "Can change Invoice", "content_type": 61}, "model": "auth.permission", "pk": 188}, {"fields": {"codename": "delete_invoice", "name": "Can delete Invoice", "content_type": 61}, "model": "auth.permission", "pk": 189}, {"fields": {"codename": "add_payment", "name": "Can add Payment", "content_type": 62}, "model": "auth.permission", "pk": 190}, {"fields": {"codename": "change_payment", "name": "Can change Payment", "content_type": 62}, "model": "auth.permission", "pk": 191}, {"fields": {"codename": "delete_payment", "name": "Can delete Payment", "content_type": 62}, "model": "auth.permission", "pk": 192}, {"fields": {"codename": "add_activity", "name": "Can add activity", "content_type": 63}, "model": "auth.permission", "pk": 193}, {"fields": {"codename": "change_activity", "name": "Can change activity", "content_type": 63}, "model": "auth.permission", "pk": 194}, {"fields": {"codename": "delete_activity", "name": "Can delete activity", "content_type": 63}, "model": "auth.permission", "pk": 195}, {"fields": {"codename": "add_feedback", "name": "Can add feedback", "content_type": 64}, "model": "auth.permission", "pk": 196}, {"fields": {"codename": "change_feedback", "name": "Can change feedback", "content_type": 64}, "model": "auth.permission", "pk": 197}, {"fields": {"codename": "delete_feedback", "name": "Can delete feedback", "content_type": 64}, "model": "auth.permission", "pk": 198}, {"fields": {"codename": "add_enroll", "name": "Can add enroll", "content_type": 65}, "model": "auth.permission", "pk": 199}, {"fields": {"codename": "change_enroll", "name": "Can change enroll", "content_type": 65}, "model": "auth.permission", "pk": 200}, {"fields": {"codename": "delete_enroll", "name": "Can delete enroll", "content_type": 65}, "model": "auth.permission", "pk": 201}, {"fields": {"codename": "add_saleorder", "name": "Can add sale order", "content_type": 66}, "model": "auth.permission", "pk": 202}, {"fields": {"codename": "change_saleorder", "name": "Can change sale order", "content_type": 66}, "model": "auth.permission", "pk": 203}, {"fields": {"codename": "delete_saleorder", "name": "Can delete sale order", "content_type": 66}, "model": "auth.permission", "pk": 204}, {"fields": {"codename": "add_saleitem", "name": "Can add order detail", "content_type": 67}, "model": "auth.permission", "pk": 205}, {"fields": {"codename": "change_saleitem", "name": "Can change order detail", "content_type": 67}, "model": "auth.permission", "pk": 206}, {"fields": {"codename": "delete_saleitem", "name": "Can delete order detail", "content_type": 67}, "model": "auth.permission", "pk": 207}, {"fields": {"codename": "add_paymentcollection", "name": "Can add Payment Collection", "content_type": 68}, "model": "auth.permission", "pk": 208}, {"fields": {"codename": "change_paymentcollection", "name": "Can change Payment Collection", "content_type": 68}, "model": "auth.permission", "pk": 209}, {"fields": {"codename": "delete_paymentcollection", "name": "Can delete Payment Collection", "content_type": 68}, "model": "auth.permission", "pk": 210}, {"fields": {"codename": "add_offersheet", "name": "Can add offer sheet", "content_type": 69}, "model": "auth.permission", "pk": 211}, {"fields": {"codename": "change_offersheet", "name": "Can change offer sheet", "content_type": 69}, "model": "auth.permission", "pk": 212}, {"fields": {"codename": "delete_offersheet", "name": "Can delete offer sheet", "content_type": 69}, "model": "auth.permission", "pk": 213}, {"fields": {"codename": "add_offeritem", "name": "Can add offer detail", "content_type": 70}, "model": "auth.permission", "pk": 214}, {"fields": {"codename": "change_offeritem", "name": "Can change offer detail", "content_type": 70}, "model": "auth.permission", "pk": 215}, {"fields": {"codename": "delete_offeritem", "name": "Can delete offer detail", "content_type": 70}, "model": "auth.permission", "pk": 216}, {"fields": {"codename": "add_warereturn", "name": "Can add ware return", "content_type": 71}, "model": "auth.permission", "pk": 217}, {"fields": {"codename": "change_warereturn", "name": "Can change ware return", "content_type": 71}, "model": "auth.permission", "pk": 218}, {"fields": {"codename": "delete_warereturn", "name": "Can delete ware return", "content_type": 71}, "model": "auth.permission", "pk": 219}, {"fields": {"codename": "add_returnitem", "name": "Can add return item", "content_type": 72}, "model": "auth.permission", "pk": 220}, {"fields": {"codename": "change_returnitem", "name": "Can change return item", "content_type": 72}, "model": "auth.permission", "pk": 221}, {"fields": {"codename": "delete_returnitem", "name": "Can delete return item", "content_type": 72}, "model": "auth.permission", "pk": 222}, {"fields": {"codename": "add_wareadjust", "name": "Can add ware adjust", "content_type": 73}, "model": "auth.permission", "pk": 223}, {"fields": {"codename": "change_wareadjust", "name": "Can change ware adjust", "content_type": 73}, "model": "auth.permission", "pk": 224}, {"fields": {"codename": "delete_wareadjust", "name": "Can delete ware adjust", "content_type": 73}, "model": "auth.permission", "pk": 225}, {"fields": {"codename": "add_adjustitem", "name": "Can add adjust item", "content_type": 74}, "model": "auth.permission", "pk": 226}, {"fields": {"codename": "change_adjustitem", "name": "Can change adjust item", "content_type": 74}, "model": "auth.permission", "pk": 227}, {"fields": {"codename": "delete_adjustitem", "name": "Can delete adjust item", "content_type": 74}, "model": "auth.permission", "pk": 228}, {"fields": {"codename": "add_dataimport", "name": "Can add data import", "content_type": 75}, "model": "auth.permission", "pk": 229}, {"fields": {"codename": "change_dataimport", "name": "Can change data import", "content_type": 75}, "model": "auth.permission", "pk": 230}, {"fields": {"codename": "delete_dataimport", "name": "Can delete data import", "content_type": 75}, "model": "auth.permission", "pk": 231}, {"fields": {"codename": "financial_pay", "name": "financial pay", "content_type": 43}, "model": "auth.permission", "pk": 232}, {"fields": {"codename": "financial_pay", "name": "financial pay", "content_type": 44}, "model": "auth.permission", "pk": 233}, {"fields": {"codename": "add_document", "name": "Can add document", "content_type": 76}, "model": "auth.permission", "pk": 234}, {"fields": {"codename": "change_document", "name": "Can change document", "content_type": 76}, "model": "auth.permission", "pk": 235}, {"fields": {"codename": "delete_document", "name": "Can delete document", "content_type": 76}, "model": "auth.permission", "pk": 236}, {"fields": {"name": "\u804c\u5458", "permissions": [11, 37, 38, 39, 43, 44, 45, 234, 235, 94, 95, 96, 89, 85, 86, 117, 91, 92, 93, 80, 61, 62, 41, 55, 56, 57, 76, 77, 78, 97, 98, 99, 154, 174, 175, 176, 162, 163, 164, 47, 50, 53, 128, 129, 130, 131, 132, 133, 134, 135, 136, 122, 123, 124, 125, 126, 127, 119, 120, 121, 113, 114]}, "model": "auth.group", "pk": 1}, {"fields": {"name": "\u4eba\u4e8b", "permissions": [115]}, "model": "auth.group", "pk": 2}, {"fields": {"name": "\u5e93\u5b58", "permissions": [79, 80, 81, 82, 83, 84, 61, 62, 63, 58, 59, 60, 171, 172, 173, 156, 157, 158, 168, 169, 170, 174, 175, 176, 159, 160, 161, 162, 163, 164, 181, 178]}, "model": "auth.group", "pk": 3}, {"fields": {"name": "\u91c7\u8d2d", "permissions": [40, 41, 186, 180, 181, 182, 177, 178, 179]}, "model": "auth.group", "pk": 4}, {"fields": {"name": "\u7ecf\u7406", "permissions": []}, "model": "auth.group", "pk": 5}, {"fields": {"name": "\u8d22\u52a1", "permissions": []}, "model": "auth.group", "pk": 6}, {"fields": {"username": "chengcai", "first_name": "\u624d", "last_name": "\u6210", "is_active": true, "is_superuser": true, "is_staff": true, "last_login": "2015-07-30T21:20:26", "groups": [], "user_permissions": [], "password": "pbkdf2_sha256$20000$65muyWSOyY0I$AJfRNDE6kHRx5nC+mpIokzi8SbBxOgkHvhUSV9aEsPs=", "email": "chengcai@abc.com", "date_joined": "2015-06-28T06:07:28"}, "model": "auth.user", "pk": 11}, {"fields": {"username": "admin", "first_name": "\u7ba1\u7406\u5458", "last_name": "\u7cfb\u7edf", "is_active": true, "is_superuser": false, "is_staff": true, "last_login": "2015-06-28T06:21:54", "groups": [1], "user_permissions": [], "password": "pbkdf2_sha256$20000$Aa8BLynbsEpp$pI4WoKbMcC6aMUWt0CMCsG+n4pCd1hU3en6rLrHhh8s=", "email": "admin@abc.com", "date_joined": "2015-06-28T06:21:16"}, "model": "auth.user", "pk": 12}, {"fields": {"username": "zhangsan", "first_name": "\u5f20\u4e09", "last_name": "", "is_active": true, "is_superuser": false, "is_staff": true, "last_login": "2015-07-30T21:24:15", "groups": [1], "user_permissions": [], "password": "pbkdf2_sha256$20000$PEAP6nZQMRCd$tZYq/lxTE8D4AfxuTvDp6SwhXzhjlti1Md21z0sM+CQ=", "email": "", "date_joined": "2015-07-02T05:16:00"}, "model": "auth.user", "pk": 13}, {"fields": {"username": "lisi", "first_name": "\u674e\u56db", "last_name": "", "is_active": true, "is_superuser": false, "is_staff": true, "last_login": "2015-07-30T21:23:39", "groups": [1], "user_permissions": [], "password": "pbkdf2_sha256$20000$JHBOGao9PQ8B$fkSipKaxiKPc1wSDF+goL3CTq9Vn8FChVwECsedyGAw=", "email": "", "date_joined": "2015-07-02T05:17:00"}, "model": "auth.user", "pk": 14}, {"fields": {"username": "wangwu", "first_name": "\u738b\u4e94", "last_name": "", "is_active": true, "is_superuser": false, "is_staff": true, "last_login": null, "groups": [1], "user_permissions": [], "password": "pbkdf2_sha256$20000$y5ll1rcvxVCD$aVtFs/PauFR3SkhQER87nD8fYMTI79ix1mTzt5qYMpU=", "email": "", "date_joined": "2015-07-02T05:17:00"}, "model": "auth.user", "pk": 15}, {"fields": {"username": "dongyong", "first_name": "\u8463\u6c38", "last_name": "", "is_active": true, "is_superuser": false, "is_staff": true, "last_login": "2015-07-30T21:22:33", "groups": [1], "user_permissions": [], "password": "pbkdf2_sha256$20000$8x5VhF4ohGFd$YEBmAxWAb8xkIBcbzsLLAgCNCoMt7hMQlO4K2v80isM=", "email": "", "date_joined": "2015-07-02T05:17:00"}, "model": "auth.user", "pk": 16}, {"fields": {"username": "9001", "first_name": "\u66f9\u83ca\u82b3", "last_name": "", "is_active": true, "is_superuser": false, "is_staff": true, "last_login": "2015-07-15T12:06:07", "groups": [1], "user_permissions": [], "password": "pbkdf2_sha256$20000$NR4ED19mIltP$nBnvpsnPPDdQniXIq/H2TRZny9KDo4w/LdM9yRRrJmk=", "email": "caojf@163.com", "date_joined": "2015-07-15T12:04:17"}, "model": "auth.user", "pk": 17}, {"fields": {"username": "lwl", "first_name": "", "last_name": "", "is_active": true, "is_superuser": true, "is_staff": true, "last_login": "2016-12-16T16:49:26", "groups": [], "user_permissions": [], "password": "pbkdf2_sha256$20000$oAVUPswZhNPD$0rCRwgtiM4EWV9BliIqv/+rQgg9pF1Et8qj3js+enxY=", "email": "1107056816@qq.com", "date_joined": "2016-12-12T16:36:27"}, "model": "auth.user", "pk": 18}, {"fields": {"user": [], "begin": "2015-05-01", "end": "9999-05-01", "name": "\u542f\u817e\u63a7\u80a1\u96c6\u56e2", "description": ""}, "model": "syscfg.site", "pk": 1}, {"fields": {"status": true, "begin": "2015-05-01", "code": "R001", "end": "9999-12-31", "name": "\u804c\u5458", "parent": null, "creator": "zhugl", "creation": "2015-05-01T07:31:46", "menus": [], "modification": "2015-05-10T16:53:23", "users": [], "modifier": "zhugl", "description": ""}, "model": "syscfg.role", "pk": 1}, {"fields": {"status": true, "begin": "2015-06-23", "code": "R002", "end": "9999-12-31", "name": "\u90e8\u95e8\u7ecf\u7406", "parent": null, "creator": "zhugl", "creation": "2015-06-23T20:41:11", "menus": [], "modification": "2015-06-23T20:41:11", "users": [], "modifier": null, "description": ""}, "model": "syscfg.role", "pk": 2}, {"fields": {"status": true, "begin": "2015-06-23", "code": "R003", "end": "9999-12-31", "name": "\u526f\u603b\u7ecf\u7406", "parent": null, "creator": "zhugl", "creation": "2015-06-23T20:41:23", "menus": [], "modification": "2015-06-23T20:41:23", "users": [], "modifier": null, "description": ""}, "model": "syscfg.role", "pk": 3}, {"fields": {"status": true, "begin": "2015-06-23", "code": "R004", "end": "9999-12-31", "name": "\u4eba\u4e8b\u7ecf\u7406", "parent": null, "creator": "zhugl", "creation": "2015-06-23T20:41:47", "menus": [], "modification": "2015-06-23T20:41:47", "users": [], "modifier": null, "description": ""}, "model": "syscfg.role", "pk": 4}, {"fields": {"status": true, "begin": "2015-06-23", "code": "R005", "end": "9999-12-31", "name": "\u8d22\u52a1\u7ecf\u7406", "parent": null, "creator": "zhugl", "creation": "2015-06-23T20:41:55", "menus": [], "modification": "2015-06-23T20:41:55", "users": [], "modifier": null, "description": ""}, "model": "syscfg.role", "pk": 5}, {"fields": {"status": true, "begin": "2015-06-23", "code": "R006", "end": "9999-12-31", "name": "\u4eba\u4e8b\u4e13\u5458", "parent": null, "creator": "zhugl", "creation": "2015-06-23T20:42:12", "menus": [], "modification": "2015-06-23T20:42:12", "users": [], "modifier": null, "description": ""}, "model": "syscfg.role", "pk": 6}, {"fields": {"status": true, "begin": "2015-06-23", "code": "R007", "end": "9999-12-31", "name": "\u8d22\u52a1\u4f1a\u8ba1", "parent": null, "creator": "zhugl", "creation": "2015-06-23T20:42:18", "menus": [], "modification": "2015-06-23T20:42:18", "users": [], "modifier": null, "description": ""}, "model": "syscfg.role", "pk": 7}, {"fields": {"status": true, "begin": "2015-06-23", "code": "R009", "end": "9999-12-31", "name": "\u8d22\u52a1\u51fa\u7eb3", "parent": null, "creator": "zhugl", "creation": "2015-06-23T20:42:37", "menus": [], "modification": "2015-06-23T20:42:37", "users": [], "modifier": null, "description": ""}, "model": "syscfg.role", "pk": 9}, {"fields": {"status": true, "begin": "2015-06-23", "code": "R010", "end": "9999-12-31", "name": "\u884c\u653f\u4e13\u5458", "parent": null, "creator": "zhugl", "creation": "2015-06-23T20:43:02", "menus": [], "modification": "2015-06-23T20:43:02", "users": [], "modifier": null, "description": ""}, "model": "syscfg.role", "pk": 10}, {"fields": {"status": true, "begin": "2015-06-23", "code": "R011", "end": "9999-12-31", "name": "\u5e02\u573a\u9500\u552e", "parent": null, "creator": "zhugl", "creation": "2015-06-23T20:43:12", "menus": [], "modification": "2015-06-23T20:43:12", "users": [], "modifier": null, "description": ""}, "model": "syscfg.role", "pk": 11}, {"fields": {"status": true, "begin": "2015-06-23", "code": "R012", "end": "9999-12-31", "name": "\u5e93\u5b58\u4e13\u5458", "parent": null, "creator": "zhugl", "creation": "2015-06-23T20:43:24", "menus": [], "modification": "2015-06-23T20:43:24", "users": [], "modifier": null, "description": ""}, "model": "syscfg.role", "pk": 12}, {"fields": {"status": true, "begin": "2015-06-23", "code": "R013", "end": "9999-12-31", "name": "\u603b\u7ecf\u7406", "parent": null, "creator": "zhugl", "creation": "2015-06-23T20:43:32", "menus": [], "modification": "2015-06-23T20:43:32", "users": [], "modifier": null, "description": ""}, "model": "syscfg.role", "pk": 13}, {"fields": {"status": true, "begin": "2015-05-01", "code": "gender", "end": "9999-12-31", "name": "\u6027\u522b", "creator": "zhugl", "creation": "2015-05-01T09:58:32", "lock_time": null, "module": 2, "init": false, "locked_by": null, "modification": "2015-05-03T08:16:48", "locked": false, "modifier": "zhugl"}, "model": "basedata.valuelist", "pk": 10}, {"fields": {"status": true, "begin": "2015-05-01", "code": "S011", "end": "9999-12-31", "name": "\u5730\u5740\u7c7b\u578b", "creator": "zhugl", "creation": "2015-05-01T10:31:10", "lock_time": null, "module": 2, "init": false, "locked_by": null, "modification": "2015-05-03T07:08:51", "locked": false, "modifier": "zhugl"}, "model": "basedata.valuelist", "pk": 11}, {"fields": {"status": true, "begin": "2015-05-02", "code": "S012", "end": "9999-12-31", "name": "\u9879\u76ee\u72b6\u6001", "creator": "zhugl", "creation": "2015-05-02T10:00:30", "lock_time": null, "module": 2, "init": false, "locked_by": null, "modification": "2015-05-03T07:08:44", "locked": false, "modifier": "zhugl"}, "model": "basedata.valuelist", "pk": 12}, {"fields": {"status": true, "begin": "2015-05-02", "code": "S013", "end": "9999-12-31", "name": "\u9879\u76ee\u7c7b\u522b", "creator": "zhugl", "creation": "2015-05-02T10:03:27", "lock_time": null, "module": 2, "init": false, "locked_by": null, "modification": "2015-05-03T07:08:28", "locked": false, "modifier": "zhugl"}, "model": "basedata.valuelist", "pk": 13}, {"fields": {"status": true, "begin": "2015-05-03", "code": "S014", "end": "9999-12-31", "name": "\u5c97\u4f4d\u5e8f\u5217", "creator": "zhugl", "creation": "2015-05-03T06:49:41", "lock_time": null, "module": 2, "init": false, "locked_by": null, "modification": "2015-05-03T06:49:41", "locked": false, "modifier": null}, "model": "basedata.valuelist", "pk": 14}, {"fields": {"status": true, "begin": "2015-05-03", "code": "S015", "end": "9999-12-31", "name": "\u5c97\u4f4d\u7ea7\u522b", "creator": "zhugl", "creation": "2015-05-03T06:56:08", "lock_time": null, "module": 2, "init": false, "locked_by": null, "modification": "2015-05-09T15:41:55", "locked": false, "modifier": "zhugl"}, "model": "basedata.valuelist", "pk": 15}, {"fields": {"status": true, "begin": "2015-05-03", "code": "S016", "end": "9999-12-31", "name": "\u4eba\u5458\u72b6\u6001", "creator": "zhugl", "creation": "2015-05-03T07:13:31", "lock_time": null, "module": 2, "init": false, "locked_by": null, "modification": "2015-05-03T07:13:31", "locked": false, "modifier": null}, "model": "basedata.valuelist", "pk": 16}, {"fields": {"status": true, "begin": "2015-05-03", "code": "S017", "end": "9999-12-31", "name": "\u804c\u5458\u7ea7\u522b", "creator": "zhugl", "creation": "2015-05-03T07:19:43", "lock_time": null, "module": 2, "init": false, "locked_by": null, "modification": "2015-05-03T07:19:50", "locked": false, "modifier": "zhugl"}, "model": "basedata.valuelist", "pk": 17}, {"fields": {"status": true, "begin": "2015-05-03", "code": "S018", "end": "9999-12-31", "name": "\u4eba\u5458\u7c7b\u522b", "creator": "zhugl", "creation": "2015-05-03T07:22:10", "lock_time": null, "module": 2, "init": false, "locked_by": null, "modification": "2015-05-03T07:22:10", "locked": false, "modifier": null}, "model": "basedata.valuelist", "pk": 18}, {"fields": {"status": true, "begin": "2015-05-03", "code": "S019", "end": "9999-12-31", "name": "\u7528\u5de5\u5f62\u5f0f", "creator": "zhugl", "creation": "2015-05-03T07:24:00", "lock_time": null, "module": 2, "init": false, "locked_by": null, "modification": "2015-05-03T15:12:54", "locked": false, "modifier": "zhugl"}, "model": "basedata.valuelist", "pk": 19}, {"fields": {"status": true, "begin": "2015-05-03", "code": "S020", "end": "9999-12-31", "name": "\u5b97\u6559\u4fe1\u4ef0", "creator": "zhugl", "creation": "2015-05-03T07:33:41", "lock_time": null, "module": 2, "init": false, "locked_by": null, "modification": "2015-05-03T07:33:41", "locked": false, "modifier": null}, "model": "basedata.valuelist", "pk": 20}, {"fields": {"status": true, "begin": "2015-05-03", "code": "S021", "end": "9999-12-31", "name": "\u6c11\u65cf", "creator": "zhugl", "creation": "2015-05-03T07:42:12", "lock_time": null, "module": 2, "init": false, "locked_by": null, "modification": "2015-05-03T08:32:32", "locked": false, "modifier": "zhugl"}, "model": "basedata.valuelist", "pk": 21}, {"fields": {"status": true, "begin": "2015-05-03", "code": "S022", "end": "9999-12-31", "name": "\u56fd\u5bb6", "creator": "zhugl", "creation": "2015-05-03T07:54:20", "lock_time": null, "module": 2, "init": false, "locked_by": null, "modification": "2015-05-03T07:54:20", "locked": false, "modifier": null}, "model": "basedata.valuelist", "pk": 22}, {"fields": {"status": true, "begin": "2015-05-03", "code": "S023", "end": "9999-12-31", "name": "\u5a5a\u59fb\u72b6\u51b5", "creator": "zhugl", "creation": "2015-05-03T08:00:47", "lock_time": null, "module": 2, "init": false, "locked_by": null, "modification": "2015-05-03T08:33:02", "locked": false, "modifier": "zhugl"}, "model": "basedata.valuelist", "pk": 23}, {"fields": {"status": true, "begin": "2015-05-03", "code": "S024", "end": "9999-12-31", "name": "\u6587\u5316\u7a0b\u5ea6", "creator": "zhugl", "creation": "2015-05-03T08:11:20", "lock_time": null, "module": 2, "init": false, "locked_by": null, "modification": "2015-05-03T08:32:51", "locked": false, "modifier": "zhugl"}, "model": "basedata.valuelist", "pk": 24}, {"fields": {"status": true, "begin": "2015-05-03", "code": "S025", "end": "9999-12-31", "name": "\u5bb6\u5ead\u5173\u7cfb", "creator": "zhugl", "creation": "2015-05-03T08:26:49", "lock_time": null, "module": 2, "init": false, "locked_by": null, "modification": "2015-05-03T08:32:42", "locked": false, "modifier": "zhugl"}, "model": "basedata.valuelist", "pk": 25}, {"fields": {"status": true, "begin": "2015-05-03", "code": "S026", "end": "9999-12-31", "name": "\u653f\u6cbb\u9762\u8c8c", "creator": "zhugl", "creation": "2015-05-03T08:39:02", "lock_time": null, "module": 2, "init": false, "locked_by": null, "modification": "2015-05-03T08:43:11", "locked": false, "modifier": "zhugl"}, "model": "basedata.valuelist", "pk": 26}, {"fields": {"status": true, "begin": "2015-05-03", "code": "S027", "end": "9999-12-31", "name": "\u5175\u5f79\u72b6\u51b5", "creator": "zhugl", "creation": "2015-05-03T08:41:44", "lock_time": null, "module": 2, "init": false, "locked_by": null, "modification": "2015-05-03T08:41:44", "locked": false, "modifier": null}, "model": "basedata.valuelist", "pk": 27}, {"fields": {"status": true, "begin": "2015-05-03", "code": "S028", "end": "9999-12-31", "name": "\u8840\u578b", "creator": "zhugl", "creation": "2015-05-03T08:44:29", "lock_time": null, "module": 2, "init": false, "locked_by": null, "modification": "2015-05-03T08:44:29", "locked": false, "modifier": null}, "model": "basedata.valuelist", "pk": 28}, {"fields": {"status": true, "begin": "2015-05-03", "code": "S029", "end": "9999-12-31", "name": "\u4eba\u5458\u8eab\u4efd", "creator": "zhugl", "creation": "2015-05-03T08:51:03", "lock_time": null, "module": 2, "init": false, "locked_by": null, "modification": "2015-05-03T08:51:03", "locked": false, "modifier": null}, "model": "basedata.valuelist", "pk": 29}, {"fields": {"status": true, "begin": "2015-05-03", "code": "S030", "end": "9999-12-31", "name": "\u5408\u540c\u7c7b\u578b", "creator": "zhugl", "creation": "2015-05-03T08:52:49", "lock_time": null, "module": 2, "init": false, "locked_by": null, "modification": "2015-05-03T08:52:49", "locked": false, "modifier": null}, "model": "basedata.valuelist", "pk": 30}, {"fields": {"status": true, "begin": "2015-05-03", "code": "S031", "end": "9999-12-31", "name": "\u5408\u540c\u671f\u9650\u7c7b\u578b", "creator": "zhugl", "creation": "2015-05-03T08:54:11", "lock_time": null, "module": 2, "init": false, "locked_by": null, "modification": "2015-05-03T08:54:19", "locked": false, "modifier": "zhugl"}, "model": "basedata.valuelist", "pk": 31}, {"fields": {"status": true, "begin": "2015-05-03", "code": "S032", "end": "9999-12-31", "name": "\u5408\u540c\u5bc6\u7ea7", "creator": "zhugl", "creation": "2015-05-03T08:55:13", "lock_time": null, "module": 2, "init": false, "locked_by": null, "modification": "2015-05-03T08:56:32", "locked": false, "modifier": "zhugl"}, "model": "basedata.valuelist", "pk": 32}, {"fields": {"status": true, "begin": "2015-05-03", "code": "S033", "end": "9999-12-31", "name": "\u5408\u540c\u53d8\u52a8\u7c7b\u578b", "creator": "zhugl", "creation": "2015-05-03T08:56:17", "lock_time": null, "module": 2, "init": false, "locked_by": null, "modification": "2015-05-03T08:56:17", "locked": false, "modifier": null}, "model": "basedata.valuelist", "pk": 33}, {"fields": {"status": true, "begin": "2015-05-03", "code": "S034", "end": "9999-12-31", "name": "\u5de5\u65f6\u5236\u5ea6", "creator": "zhugl", "creation": "2015-05-03T08:58:32", "lock_time": null, "module": 2, "init": false, "locked_by": null, "modification": "2015-05-03T08:58:32", "locked": false, "modifier": null}, "model": "basedata.valuelist", "pk": 34}, {"fields": {"status": true, "begin": "2015-05-03", "code": "S035", "end": "9999-12-31", "name": "\u6559\u80b2\u7c7b\u578b", "creator": "zhugl", "creation": "2015-05-03T09:56:24", "lock_time": null, "module": 2, "init": false, "locked_by": null, "modification": "2015-05-03T09:56:24", "locked": false, "modifier": null}, "model": "basedata.valuelist", "pk": 35}, {"fields": {"status": true, "begin": "2015-05-03", "code": "S036", "end": "9999-12-31", "name": "\u4ece\u5b66\u5355\u4f4d\u7c7b\u522b", "creator": "zhugl", "creation": "2015-05-03T10:02:20", "lock_time": null, "module": 2, "init": false, "locked_by": null, "modification": "2015-05-03T10:02:38", "locked": false, "modifier": "zhugl"}, "model": "basedata.valuelist", "pk": 36}, {"fields": {"status": true, "begin": "2015-05-03", "code": "S037", "end": "9999-12-31", "name": "\u5b66\u4f4d", "creator": "zhugl", "creation": "2015-05-03T10:13:32", "lock_time": null, "module": 2, "init": false, "locked_by": null, "modification": "2015-05-03T10:16:48", "locked": false, "modifier": "zhugl"}, "model": "basedata.valuelist", "pk": 37}, {"fields": {"status": true, "begin": "2015-05-03", "code": "S038", "end": "9999-12-31", "name": "\u4e13\u4e1a\u7c7b\u522b", "creator": "zhugl", "creation": "2015-05-03T10:16:17", "lock_time": null, "module": 2, "init": false, "locked_by": null, "modification": "2015-05-03T10:17:06", "locked": false, "modifier": "zhugl"}, "model": "basedata.valuelist", "pk": 38}, {"fields": {"status": true, "begin": "2015-05-03", "code": "S039", "end": "9999-12-31", "name": "\u590d\u8f6c\u519b\u4eba\u6807\u8bc6", "creator": "zhugl", "creation": "2015-05-03T13:41:51", "lock_time": null, "module": 2, "init": false, "locked_by": null, "modification": "2015-05-03T13:41:51", "locked": false, "modifier": null}, "model": "basedata.valuelist", "pk": 39}, {"fields": {"status": true, "begin": "2015-05-03", "code": "S040", "end": "9999-12-31", "name": "\u515a\u59d4\u8d1f\u8d23\u4eba\u6807\u8bc6", "creator": "zhugl", "creation": "2015-05-03T14:04:26", "lock_time": null, "module": 2, "init": false, "locked_by": null, "modification": "2015-05-03T14:07:50", "locked": false, "modifier": "zhugl"}, "model": "basedata.valuelist", "pk": 40}, {"fields": {"status": true, "begin": "2015-05-03", "code": "S041", "end": "9999-12-31", "name": "\u8463\u4e8b\u76d1\u4e8b\u6807\u8bc6", "creator": "zhugl", "creation": "2015-05-03T14:07:37", "lock_time": null, "module": 2, "init": false, "locked_by": null, "modification": "2015-05-03T14:08:16", "locked": false, "modifier": "zhugl"}, "model": "basedata.valuelist", "pk": 41}, {"fields": {"status": true, "begin": "2015-05-03", "code": "S042", "end": "9999-12-31", "name": "\u7279\u6b8a\u5de5\u79cd", "creator": "zhugl", "creation": "2015-05-03T14:14:35", "lock_time": null, "module": 2, "init": false, "locked_by": null, "modification": "2015-05-03T14:18:08", "locked": false, "modifier": "zhugl"}, "model": "basedata.valuelist", "pk": 42}, {"fields": {"status": true, "begin": "2015-05-03", "code": "S043", "end": "9999-12-31", "name": "\u8eab\u4f53\u72b6\u51b5", "creator": "zhugl", "creation": "2015-05-03T14:21:31", "lock_time": null, "module": 2, "init": false, "locked_by": null, "modification": "2015-05-03T14:21:31", "locked": false, "modifier": null}, "model": "basedata.valuelist", "pk": 43}, {"fields": {"status": true, "begin": "2015-05-22", "code": "S044", "end": "9999-12-31", "name": "\u5de5\u5355\u7c7b\u578b", "creator": "zhugl", "creation": "2015-05-22T22:38:58", "lock_time": null, "module": 2, "init": false, "locked_by": null, "modification": "2015-05-25T20:58:34", "locked": false, "modifier": "zhugl"}, "model": "basedata.valuelist", "pk": 44}, {"fields": {"status": true, "begin": "2015-05-22", "code": "S045", "end": "9999-12-31", "name": "\u4e1a\u52a1\u57df", "creator": "zhugl", "creation": "2015-05-22T22:41:19", "lock_time": null, "module": 4, "init": false, "locked_by": null, "modification": "2015-05-25T20:26:41", "locked": false, "modifier": "zhugl"}, "model": "basedata.valuelist", "pk": 45}, {"fields": {"status": true, "begin": "2015-05-22", "code": "S046", "end": "9999-12-31", "name": "\u5de5\u5355\u72b6\u6001", "creator": "zhugl", "creation": "2015-05-22T22:44:49", "lock_time": null, "module": 4, "init": false, "locked_by": null, "modification": "2015-05-24T20:07:18", "locked": false, "modifier": "zhugl"}, "model": "basedata.valuelist", "pk": 46}, {"fields": {"status": true, "begin": "2015-05-24", "code": "S047", "end": "9999-12-31", "name": "\u8bd5\u7528\u671f", "creator": "zhugl", "creation": "2015-05-24T20:04:37", "lock_time": null, "module": 3, "init": true, "locked_by": null, "modification": "2015-05-24T20:06:09", "locked": true, "modifier": "zhugl"}, "model": "basedata.valuelist", "pk": 47}, {"fields": {"status": true, "begin": "2015-05-24", "code": "S048", "end": "9999-12-31", "name": "\u5de5\u8d44\u9879\u7c7b\u522b", "creator": "zhugl", "creation": "2015-05-24T20:11:06", "lock_time": null, "module": 3, "init": false, "locked_by": null, "modification": "2015-05-24T20:11:06", "locked": false, "modifier": null}, "model": "basedata.valuelist", "pk": 48}, {"fields": {"status": true, "begin": "2015-05-24", "code": "S049", "end": "9999-12-31", "name": "\u589e\u51cf\u5c5e\u6027", "creator": "zhugl", "creation": "2015-05-24T20:13:08", "lock_time": null, "module": 3, "init": false, "locked_by": null, "modification": "2015-05-24T20:13:15", "locked": false, "modifier": "zhugl"}, "model": "basedata.valuelist", "pk": 49}, {"fields": {"status": true, "begin": "2015-05-24", "code": "S050", "end": "9999-12-31", "name": "\u8ba1\u7b97\u65b9\u5f0f", "creator": "zhugl", "creation": "2015-05-24T20:20:10", "lock_time": null, "module": 3, "init": false, "locked_by": null, "modification": "2015-05-24T20:37:22", "locked": false, "modifier": "zhugl"}, "model": "basedata.valuelist", "pk": 50}, {"fields": {"status": true, "begin": "2015-05-24", "code": "S051", "end": "9999-12-31", "name": "\u79bb\u804c\u7c7b\u522b", "creator": "zhugl", "creation": "2015-05-24T21:32:21", "lock_time": null, "module": 3, "init": false, "locked_by": null, "modification": "2015-05-24T21:32:31", "locked": false, "modifier": "zhugl"}, "model": "basedata.valuelist", "pk": 51}, {"fields": {"status": true, "begin": "2015-06-03", "code": "S052", "end": "9999-12-31", "name": "\u7a0e\u7387", "creator": "zhugl", "creation": "2015-06-03T20:01:03", "lock_time": null, "module": 5, "init": false, "locked_by": null, "modification": "2015-06-03T20:01:03", "locked": false, "modifier": null}, "model": "basedata.valuelist", "pk": 52}, {"fields": {"status": true, "begin": "2015-06-14", "code": "S053", "end": "9999-12-31", "name": "\u53d1\u7968\u7c7b\u522b ", "creator": "zhugl", "creation": "2015-06-14T11:09:43", "lock_time": null, "module": 6, "init": false, "locked_by": null, "modification": "2015-06-14T12:43:38", "locked": false, "modifier": "zhugl"}, "model": "basedata.valuelist", "pk": 53}, {"fields": {"status": true, "begin": "2015-06-20", "code": "S054", "end": "9999-12-31", "name": "\u7269\u6599\u6027\u8d28", "creator": "zhugl", "creation": "2015-06-20T21:33:08", "lock_time": null, "module": 2, "init": false, "locked_by": null, "modification": "2015-06-21T11:30:19", "locked": false, "modifier": "zhugl"}, "model": "basedata.valuelist", "pk": 54}, {"fields": {"blueprint": "", "code": "PJ-C-1001", "creator": null, "creation": "2015-06-27T22:39:27", "partner": null, "description": "", "end": null, "income": null, "modification": "2015-07-30T21:24:06", "status": "02", "begin": null, "users": [], "business": "", "offer": "", "pinyin": "", "org": null, "prj_type": "00", "expand": null, "short": "", "name": "\u5185\u90e8\u8fd0\u8425\u9879\u76ee", "budget": "50000.00", "modifier": "chengcai"}, "model": "basedata.project", "pk": 7}, {"fields": {"blueprint": "", "code": "PJ-C-1002", "creator": null, "creation": "2015-06-27T22:39:27", "partner": null, "description": null, "end": null, "income": null, "modification": "2015-07-03T05:50:38", "status": "03", "begin": null, "users": [], "business": "", "offer": "", "pinyin": "", "org": null, "prj_type": "00", "expand": null, "short": "", "name": "\u529e\u516c\u7528\u54c1\u5206\u644a\u9879\u76ee", "budget": null, "modifier": null}, "model": "basedata.project", "pk": 8}, {"fields": {"blueprint": "", "code": "PJ0009", "creator": "zhangsan", "creation": "2015-07-04T11:05:59", "partner": null, "description": "", "end": "9999-12-31", "income": null, "modification": "2015-07-12T01:26:21", "status": "03", "begin": "2015-07-04", "users": [], "business": "", "offer": "", "pinyin": "", "org": null, "prj_type": "00", "expand": null, "short": "", "name": "\u4e2d\u6d77\u6d0b\u8239\u8236\u5de5\u4e1a\u96c6\u56e2\u5f20\u6c5f\u5de5\u4e1a\u56ed\u914d\u7535\u67dc\u9879\u76ee", "budget": null, "modifier": null}, "model": "basedata.project", "pk": 9}, {"fields": {"status": true, "code": "A01", "users": [], "location": "", "org": null, "name": "\u7535\u529b\u4fe1\u606f\u4e00\u53f7\u5e93"}, "model": "basedata.warehouse", "pk": 1}, {"fields": {"status": true, "code": "A02", "users": [], "location": "", "org": null, "name": "\u5185\u90e8\u8fd0\u8425\u670d\u52a1"}, "model": "basedata.warehouse", "pk": 2}, {"fields": {"status": true, "code": "A03", "users": [], "location": "", "org": null, "name": "\u529e\u516c\u7528\u54c1\u4ed3\u5e93"}, "model": "basedata.warehouse", "pk": 3}, {"fields": {"status": true, "code": "FR", "users": [], "location": null, "org": null, "name": "\u6c34\u679c\u5e93"}, "model": "basedata.warehouse", "pk": 11}, {"fields": {"tag4": "0", "major": "99", "code": "1001", "tag1": "99", "office": "", "creator": null, "hometown": "", "idcard": "110112195611212118", "rank": "10", "marital": "10", "ygxs": "2", "category": "21", "position": 99, "end": null, "degree": "4", "bankname": "", "startday": "2001-10-21", "tag3": "00", "workday": "1983-09-01", "religion": "00", "spjob": "00", "health": "1", "modification": "2015-07-02T05:24:41", "party": "13", "email": "", "tag2": "9", "status": "10", "begin": null, "creation": "2015-06-27T13:08:28", "emergency": "", "pinyin": "lisi", "nation": "01", "phone": "", "birthday": "1956-11-21", "banknum": "", "address": "", "literacy": "10", "name": "\u674e\u56db", "country": "CN", "gender": "1", "organization": null, "modifier": "chengcai", "user": 14}, "model": "basedata.employee", "pk": 1}, {"fields": {"tag4": "0", "major": "99", "code": "1002", "tag1": "99", "office": "", "creator": "chengcai", "hometown": "", "idcard": "321027198812021234", "rank": "12", "marital": "10", "ygxs": "2", "category": "21", "position": 92, "end": "9999-12-31", "degree": "4", "bankname": "", "startday": "2012-07-02", "tag3": "00", "workday": "2008-07-02", "religion": "00", "spjob": "00", "health": "1", "modification": "2015-07-02T05:25:23", "party": "13", "email": "", "tag2": "9", "status": "10", "begin": "2015-07-02", "creation": "2015-07-02T05:22:26", "emergency": "", "pinyin": "zhangsan", "nation": "01", "phone": "", "birthday": "1988-12-02", "banknum": "", "address": "", "literacy": "10", "name": "\u5f20\u4e09", "country": "CN", "gender": "1", "organization": null, "modifier": "chengcai", "user": 13}, "model": "basedata.employee", "pk": 2}, {"fields": {"tag4": "0", "major": "99", "code": "1003", "tag1": "99", "office": "", "creator": "chengcai", "hometown": "", "idcard": "310202197312038921", "rank": "12", "marital": "10", "ygxs": "2", "category": "21", "position": 91, "end": "9999-12-31", "degree": "4", "bankname": "", "startday": "2015-07-02", "tag3": "00", "workday": "2015-07-02", "religion": "00", "spjob": "00", "health": "1", "modification": "2015-07-02T05:27:10", "party": "13", "email": "", "tag2": "9", "status": "10", "begin": "2015-07-02", "creation": "2015-07-02T05:27:10", "emergency": "", "pinyin": "wangwu", "nation": "01", "phone": "", "birthday": "1973-12-03", "banknum": "", "address": "", "literacy": "10", "name": "\u738b\u4e94", "country": "CN", "gender": "1", "organization": null, "modifier": null, "user": 11}, "model": "basedata.employee", "pk": 3}, {"fields": {"tag4": "0", "major": "99", "code": "1004", "tag1": "99", "office": "", "creator": "chengcai", "hometown": "", "idcard": "1011123119810213892x", "rank": "10", "marital": "10", "ygxs": "2", "category": "21", "position": 87, "end": "9999-12-31", "degree": "4", "bankname": "", "startday": "2015-07-02", "tag3": "00", "workday": "2015-07-02", "religion": "00", "spjob": "00", "health": "1", "modification": "2015-07-02T06:07:37", "party": "13", "email": "", "tag2": "9", "status": "10", "begin": "2015-07-02", "creation": "2015-07-02T05:28:44", "emergency": "", "pinyin": "dongyong", "nation": "01", "phone": "", "birthday": "1981-02-13", "banknum": "", "address": "", "literacy": "10", "name": "\u8463\u6c38", "country": "CN", "gender": "1", "organization": null, "modifier": "chengcai", "user": 16}, "model": "basedata.employee", "pk": 4}, {"fields": {"tag4": "0", "major": "99", "code": "9001", "tag1": "99", "office": null, "creator": null, "hometown": null, "idcard": "31011019720912574x", "rank": "00", "marital": "10", "ygxs": "2", "category": "21", "position": 96, "end": null, "degree": "4", "bankname": null, "startday": "2000-10-01", "tag3": "00", "workday": "1985-09-01", "religion": "00", "spjob": "00", "health": "1", "modification": "2015-07-15T12:04:17", "party": "13", "email": null, "tag2": "9", "status": "10", "begin": null, "creation": "2015-07-15T12:04:17", "emergency": null, "pinyin": "caojufang", "nation": "01", "phone": null, "birthday": "1972-09-12", "banknum": null, "address": null, "literacy": "10", "name": "\u66f9\u83ca\u82b3", "country": "CN", "gender": "2", "organization": null, "modifier": null, "user": 17}, "model": "basedata.employee", "pk": 5}, {"fields": {"status": "1", "size": null, "begin": "2015-06-28", "code": "FD0001", "end": "9999-12-31", "description": "1\uff09\u5728\u7cfb\u7edf\u4e0a\u7ebf\u7684\u65f6\u5019\uff0c\u7528\u4e8e\u5927\u6279\u91cf\u7684\u5bfc\u5165\u90e8\u95e8\u3001\u5c97\u4f4d\u3001\u5458\u5de5\u4fe1\u606f\uff1b\r\n2\uff09\u64cd\u4f5c\u8def\u5f84\u4e3a\uff1a\u3010\u57fa\u7840\u6570\u636e\u3011>\u3010\u5bfc\u5165\u3011\uff1b\r\n3\uff09\u5728\u5217\u8868\u9875\u9762\u9009\u62e9\u201c\u589e\u52a0 \u5bfc\u5165\u201d\u6309\u94ae\uff0c\u6253\u5f00\u8868\u5355\u9875\u9762\uff1b\r\n4\uff09\u5728\u8868\u5355\u9875\u9762\uff0c\u586b\u5199\u201c\u5904\u7406\u7c7b\u201d\u5b57\u6bb5\u7684\u503c\u4e3a\uff1aOPS\uff0c\u9009\u62e9\u672c\u5730\u6587\u6863\u4e0a\u4f20\uff1b\r\n5\uff09\u6ce8\u610f\uff1a\u5148\u4fdd\u5b58\uff0c\u540e\u6267\u884c\u201c\u5bfc\u5165\u201d\uff1b\r\n6\uff09\u63d0\u793a\uff1a\u5728\u7ec4\u7ec7\u673a\u6784\u91cd\u7ec4\u65f6\uff0c\u53ef\u4f7f\u7528\u672c\u6a21\u677f\u8fdb\u884c\u5927\u6279\u91cf\u66f4\u6539\uff1b", "creator": "chengcai", "creation": "2015-06-28T07:27:18", "tp": "00", "keywords": "\u5bfc\u5165\u6a21\u677f \u90e8\u95e8 \u5c97\u4f4d \u5458\u5de5", "business_domain": "OT", "modification": "2015-06-28T08:54:09", "title": "\u3010\u6a21\u677f\u6587\u6863\u3011-\u3010\u57fa\u7840\u6570\u636e\u3011-1001\u90e8\u95e8\u5c97\u4f4d\u5458\u5de5\u5bfc\u5165\u6a21\u677f", "modifier": "chengcai", "pub_date": "2015-07-06T20:47:19", "attach": "doc/1001\u90e8\u95e8\u5c97\u4f4d\u5458\u5de5\u5bfc\u5165\u6a21\u677f.xls", "user": 11}, "model": "basedata.document", "pk": 1}, {"fields": {"status": "1", "size": null, "begin": "2015-06-28", "code": "FD0002", "end": "9999-12-31", "description": "1\uff09\u5728\u7cfb\u7edf\u4e0a\u7ebf\u7684\u65f6\u5019\uff0c\u7528\u4e8e\u6279\u91cf\u7684\u5bfc\u5165\u671f\u521d\u5e93\u5b58\u4fe1\u606f\uff1b\r\n2\uff09\u64cd\u4f5c\u8def\u5f84\u4e3a\uff1a\u3010\u5e93\u5b58\u7ba1\u7406\u3011>\u3010\u671f\u521d\u5e93\u5b58\u3011\uff1b\r\n3\uff09\u5728\u5217\u8868\u9875\u9762\uff0c\u9009\u62e9\u201c\u589e\u52a0 \u671f\u521d\u5e93\u5b58\u201d\u6309\u94ae\uff0c\u8fdb\u5165\u8868\u5355\u9875\u9762\uff1b\r\n4\uff09\u8f93\u5165\u76f8\u5173\u4fe1\u606f\uff0c\u4ece\u672c\u5730\u4e0a\u4f20\u4fee\u6539\u540e\u7684CSV\u6587\u6863\uff1b\r\n5\uff09\u5148\u4fdd\u5b58\uff0c\u540e\u6267\u884c\u201c\u5165\u5e93\u201d\u64cd\u4f5c\uff1b\r\n6\uff09\u6ce8\u610f\uff1a\u672c\u6587\u6863\u4e3acsv\u683c\u5f0f\uff0c\u8bf7\u4f7f\u7528excel\u7f16\u8f91\uff1b\r\n", "creator": "chengcai", "creation": "2015-06-28T08:23:01", "tp": "00", "keywords": "\u5bfc\u5165\u6a21\u677f \u671f\u521d\u5e93\u5b58", "business_domain": "OT", "modification": "2015-06-28T08:32:43", "title": "\u3010\u6a21\u677f\u6587\u6863\u3011-\u3010\u57fa\u7840\u6570\u636e\u3011-1002\u671f\u521d\u5e93\u5b58\u5bfc\u5165\u6a21\u677f", "modifier": "chengcai", "pub_date": "2015-07-06T20:47:19", "attach": "doc/1002\u671f\u521d\u5e93\u5b58\u5bfc\u5165\u6a21\u677f.csv", "user": 11}, "model": "basedata.document", "pk": 2}, {"fields": {"status": "1", "size": null, "begin": "2015-06-28", "code": "FD0003", "end": "9999-12-31", "description": "1\uff09\u5728\u7cfb\u7edf\u4e0a\u7ebf\u7684\u65f6\u5019\uff0c\u7528\u4e8e\u5927\u6279\u91cf\u7684\u5bfc\u5165\u5408\u4f5c\u4f19\u4f34\uff08\u5ba2\u6237\u3001\u4f9b\u5e94\u5546\uff09\u4fe1\u606f\uff1b\r\n2\uff09\u64cd\u4f5c\u8def\u5f84\u4e3a\uff1a\u3010\u57fa\u7840\u6570\u636e\u3011>\u3010\u5bfc\u5165\u3011\uff1b\r\n3\uff09\u5728\u5217\u8868\u9875\u9762\u9009\u62e9\u201c\u589e\u52a0 \u5bfc\u5165\u201d\u6309\u94ae\uff0c\u6253\u5f00\u8868\u5355\u9875\u9762\uff1b\r\n4\uff09\u5728\u8868\u5355\u9875\u9762\uff0c\u9009\u62e9\u672c\u5730\u6587\u6863\u4e0a\u4f20\uff1b\r\n5\uff09\u6ce8\u610f\uff1a\u5148\u4fdd\u5b58\uff0c\u540e\u6267\u884c\u201c\u5bfc\u5165\u201d\uff1b", "creator": "chengcai", "creation": "2015-06-28T08:30:17", "tp": "00", "keywords": "\u5bfc\u5165\u6a21\u677f \u5408\u4f5c\u4f19\u4f34", "business_domain": "OT", "modification": "2015-06-28T08:32:33", "title": "\u3010\u6a21\u677f\u6587\u6863\u3011-\u3010\u57fa\u7840\u6570\u636e\u3011-1003\u5408\u4f5c\u4f19\u4f34\u5bfc\u5165\u6a21\u677f", "modifier": "chengcai", "pub_date": "2015-07-06T20:47:19", "attach": "doc/1003\u5408\u4f5c\u4f19\u4f34\u5bfc\u5165\u6a21\u677f.xls", "user": 11}, "model": "basedata.document", "pk": 3}, {"fields": {"status": "1", "size": null, "begin": "2015-06-28", "code": "FD0004", "end": "9999-12-31", "description": "", "creator": "chengcai", "creation": "2015-06-28T08:32:25", "tp": "00", "keywords": "\u5bfc\u5165\u6a21\u677f \u9879\u76ee\u4fe1\u606f", "business_domain": "OT", "modification": "2015-06-28T08:32:25", "title": "\u3010\u6a21\u677f\u6587\u6863\u3011-\u3010\u57fa\u7840\u6570\u636e\u3011-1004\u9879\u76ee\u4fe1\u606f\u5bfc\u5165\u6a21\u677f", "modifier": null, "pub_date": "2015-07-06T20:47:19", "attach": "doc/1004\u9879\u76ee\u5bfc\u5165\u6a21\u677f.xls", "user": 11}, "model": "basedata.document", "pk": 4}, {"fields": {"status": "1", "size": null, "begin": "2015-06-28", "code": "FD0005", "end": "9999-12-31", "description": "1\uff09\u5728\u7cfb\u7edf\u4e0a\u7ebf\u7684\u65f6\u5019\uff0c\u7528\u4e8e\u5927\u6279\u91cf\u7684\u5bfc\u5165\u7528\u6237\u4fe1\u606f\uff1b\r\n2\uff09\u64cd\u4f5c\u8def\u5f84\u4e3a\uff1a\u3010\u57fa\u7840\u6570\u636e\u3011>\u3010\u5bfc\u5165\u3011\uff1b\r\n3\uff09\u5728\u5217\u8868\u9875\u9762\u9009\u62e9\u201c\u589e\u52a0 \u5bfc\u5165\u201d\u6309\u94ae\uff0c\u6253\u5f00\u8868\u5355\u9875\u9762\uff1b\r\n4\uff09\u5728\u8868\u5355\u9875\u9762\uff0c\u586b\u5199\u201c\u5904\u7406\u7c7b\u201d\u5b57\u6bb5\u7684\u503c\u4e3a\uff1aadmin.user\uff0c\u9009\u62e9\u672c\u5730\u6587\u6863\u4e0a\u4f20\uff1b\r\n5\uff09\u6ce8\u610f\uff1a\u5148\u4fdd\u5b58\uff0c\u540e\u6267\u884c\u201c\u5bfc\u5165\u201d\uff1b", "creator": "chengcai", "creation": "2015-06-28T08:35:37", "tp": "00", "keywords": "\u5bfc\u5165\u6a21\u677f \u7528\u6237", "business_domain": "OT", "modification": "2015-06-28T08:35:59", "title": "\u3010\u6a21\u677f\u6587\u6863\u3011-\u3010\u57fa\u7840\u6570\u636e\u3011-1005\u7528\u6237\u4fe1\u606f\u5bfc\u5165\u6a21\u677f", "modifier": "chengcai", "pub_date": "2015-07-06T20:47:19", "attach": "", "user": 11}, "model": "basedata.document", "pk": 5}, {"fields": {"status": "1", "size": null, "begin": "2015-06-28", "code": "FD0006", "end": "9999-12-31", "description": "1\uff09\u5728\u521b\u5efa\u62a5\u4ef7\u5355\u7684\u65f6\u5019\uff0c\u82e5\u7269\u6599\u660e\u7ec6\u592a\u591a\uff0c\u53ef\u9009\u62e9\u4eceexcel\u6279\u91cf\u5bfc\u5165\uff1b\r\n2\uff09\u5728\u4fdd\u5b58\u62a5\u4ef7\u5355\u7684\u65f6\u5019\uff0c\u7cfb\u7edf\u4f9d\u636e\u4e0a\u4f20\u7684\u6587\u6863\u81ea\u52a8\u52a0\u8f7d\u7269\u6599\uff1b\r\n3\uff09\u5bfc\u5165\u7684\u7269\u6599\u9075\u5faa\u201c\u6ca1\u6709\u5373\u521b\u5efa\u201d\u539f\u5219\uff0c\u82e5\u7cfb\u7edf\u4e2d\u6ca1\u6709\u6b64\u7269\u6599\u5219\u76f4\u63a5\u521b\u5efa\uff0c\u68c0\u67e5\u7684\u4f9d\u636e\u4e3a\u3010\u7269\u6599\u7f16\u53f7\u3011\uff0c\u8bf7\u614e\u91cd\u586b\u5199\u3010\u7269\u6599\u7f16\u53f7\u3011\uff0c\u907f\u514d\u9020\u6210\u91cd\u590d\u5bfc\u5165\uff1b\r\n4\uff09\u672c\u6a21\u677f\u6709\u5f00\u5173\u529f\u80fd\uff0c\u5f53\u3010B1\u3011\u5355\u5143\u683c\u4e3a\u30100\u6f14\u793a\u6570\u636e\u3011\u65f6\uff0c\u4e0d\u5bfc\u5165\uff0c\u4e3a\u30101\u6b63\u5f0f\u62a5\u4ef7\u3011\u65f6\u5bfc\u5165", "creator": "chengcai", "creation": "2015-06-28T08:39:50", "tp": "00", "keywords": "\u5bfc\u5165\u6a21\u677f \u62a5\u4ef7\u5355\u660e\u7ec6 ", "business_domain": "BU", "modification": "2015-06-28T08:45:56", "title": "\u3010\u6a21\u677f\u6587\u6863\u3011-\u3010\u660e\u7ec6\u6570\u636e\u3011-2001\u62a5\u4ef7\u5355\u660e\u7ec6\u5bfc\u5165\u6a21\u677f", "modifier": "chengcai", "pub_date": "2015-07-06T20:47:19", "attach": "doc/2001\u62a5\u4ef7\u5355\u660e\u7ec6\u6837\u4f8b.xls", "user": 11}, "model": "basedata.document", "pk": 6}, {"fields": {"status": "1", "size": null, "begin": "2015-06-28", "code": "FD0007", "end": "9999-12-31", "description": "1\uff09\u5728\u521b\u5efa\u3010\u5de5\u5355\u670d\u52a1\u3011\u7684\u65f6\u5019\uff0c\u82e5\u9700\u6c42\u7269\u6599\u660e\u7ec6\u592a\u591a\uff0c\u53ef\u9009\u62e9\u4eceexcel\u6279\u91cf\u5bfc\u5165\uff1b\r\n2\uff09\u5728\u4fdd\u5b58\u3010\u5de5\u5355\u670d\u52a1\u3011\u7684\u65f6\u5019\uff0c\u7cfb\u7edf\u4f9d\u636e\u4e0a\u4f20\u7684\u6587\u6863\u81ea\u52a8\u52a0\u8f7d\u7269\u6599\uff1b\r\n3\uff09\u5bfc\u5165\u7684\u7269\u6599\u9075\u5faa\u201c\u6ca1\u6709\u5373\u521b\u5efa\u201d\u539f\u5219\uff0c\u82e5\u7cfb\u7edf\u4e2d\u6ca1\u6709\u6b64\u7269\u6599\u5219\u76f4\u63a5\u521b\u5efa\uff0c\u68c0\u67e5\u7684\u4f9d\u636e\u4e3a\u3010\u7269\u6599\u7f16\u53f7\u3011\uff0c\u8bf7\u614e\u91cd\u586b\u5199\u3010\u7269\u6599\u7f16\u53f7\u3011\uff0c\u907f\u514d\u9020\u6210\u91cd\u590d\u5bfc\u5165\uff1b\r\n4\uff09\u672c\u6a21\u677f\u6709\u5f00\u5173\u529f\u80fd\uff0c\u5f53\u3010B1\u3011\u5355\u5143\u683c\u4e3a\u30100\u6f14\u793a\u6570\u636e\u3011\u65f6\uff0c\u4e0d\u5bfc\u5165\uff0c\u4e3a\u30101\u6b63\u5f0f\u62a5\u4ef7\u3011\u65f6\u5bfc\u5165", "creator": "chengcai", "creation": "2015-06-28T08:47:41", "tp": "00", "keywords": "\u5bfc\u5165\u6a21\u677f \u9700\u6c42\u5355\u660e\u7ec6 \u5de5\u5355\u670d\u52a1 ", "business_domain": "OT", "modification": "2015-06-28T08:48:09", "title": "\u3010\u6a21\u677f\u6587\u6863\u3011-\u3010\u660e\u7ec6\u6570\u636e\u3011-2002\u9700\u6c42\u5355\u660e\u7ec6\u5bfc\u5165\u6a21\u677f", "modifier": "chengcai", "pub_date": "2015-07-06T20:47:19", "attach": "doc/2002\u9700\u6c42\u8ba1\u5212\u660e\u7ec6\u6837\u4f8b.xls", "user": 11}, "model": "basedata.document", "pk": 7}, {"fields": {"status": "1", "size": null, "begin": "2015-06-28", "code": "FD0008", "end": "9999-12-31", "description": "1\uff09\u5728\u521b\u5efa\u3010\u91c7\u8d2d\u5355\u3011\u7684\u65f6\u5019\uff0c\u82e5\u7269\u6599\u660e\u7ec6\u592a\u591a\uff0c\u53ef\u9009\u62e9\u4eceexcel\u6279\u91cf\u5bfc\u5165\uff1b\r\n2\uff09\u5728\u4fdd\u5b58\u3010\u91c7\u8d2d\u5355\u3011\u7684\u65f6\u5019\uff0c\u7cfb\u7edf\u4f9d\u636e\u4e0a\u4f20\u7684\u6587\u6863\u81ea\u52a8\u52a0\u8f7d\u7269\u6599\uff1b\r\n3\uff09\u5bfc\u5165\u7684\u7269\u6599\u9075\u5faa\u201c\u6ca1\u6709\u5373\u521b\u5efa\u201d\u539f\u5219\uff0c\u82e5\u7cfb\u7edf\u4e2d\u6ca1\u6709\u6b64\u7269\u6599\u5219\u76f4\u63a5\u521b\u5efa\uff0c\u68c0\u67e5\u7684\u4f9d\u636e\u4e3a\u3010\u7269\u6599\u7f16\u53f7\u3011\uff0c\u8bf7\u614e\u91cd\u586b\u5199\u3010\u7269\u6599\u7f16\u53f7\u3011\uff0c\u907f\u514d\u9020\u6210\u91cd\u590d\u5bfc\u5165\uff1b\r\n4\uff09\u672c\u6a21\u677f\u6709\u5f00\u5173\u529f\u80fd\uff0c\u5f53\u3010B1\u3011\u5355\u5143\u683c\u4e3a\u30100\u6f14\u793a\u6570\u636e\u3011\u65f6\uff0c\u4e0d\u5bfc\u5165\uff0c\u4e3a\u30101\u6b63\u5f0f\u62a5\u4ef7\u3011\u65f6\u5bfc\u5165", "creator": "chengcai", "creation": "2015-06-28T08:50:09", "tp": "00", "keywords": "\u5bfc\u5165\u6a21\u677f \u91c7\u8d2d\u5355\u660e\u7ec6 ", "business_domain": "PO", "modification": "2015-06-28T08:50:09", "title": "\u3010\u6a21\u677f\u6587\u6863\u3011-\u3010\u660e\u7ec6\u6570\u636e\u3011-2003\u91c7\u8d2d\u5355\u660e\u7ec6\u5bfc\u5165\u6a21\u677f", "modifier": null, "pub_date": "2015-07-06T20:47:19", "attach": "doc/2003\u91c7\u8d2d\u5355\u660e\u7ec6\u6837\u4f8b.xls", "user": 11}, "model": "basedata.document", "pk": 8}, {"fields": {"status": "0", "size": null, "begin": "2015-07-03", "code": "FD0009", "end": "9999-12-31", "description": "", "creator": "chengcai", "creation": "2015-07-03T21:28:30", "tp": "00", "keywords": "maximus \u529f\u80fd\u6982\u8ff0", "business_domain": "OT", "modification": "2015-07-03T21:28:30", "title": "\u3010\u4f7f\u7528\u624b\u518c\u3011-\u529f\u80fd\u6982\u8ff0", "modifier": null, "pub_date": null, "attach": "", "user": 11}, "model": "basedata.document", "pk": 9}, {"fields": {"status": "0", "size": null, "begin": "2015-07-03", "code": "FD0010", "end": "9999-12-31", "description": "", "creator": "chengcai", "creation": "2015-07-03T21:28:58", "tp": "00", "keywords": "maximus \u57fa\u672c\u64cd\u4f5c", "business_domain": "OT", "modification": "2015-07-03T21:28:58", "title": "\u3010\u4f7f\u7528\u624b\u518c\u3011-\u57fa\u672c\u64cd\u4f5c", "modifier": null, "pub_date": null, "attach": "", "user": 11}, "model": "basedata.document", "pk": 10}, {"fields": {"status": "0", "size": null, "begin": "2015-07-03", "code": "FD0011", "end": "9999-12-31", "description": "", "creator": "chengcai", "creation": "2015-07-03T21:29:29", "tp": "00", "keywords": "maximus \u4e2a\u4eba\u81ea\u52a9", "business_domain": "OT", "modification": "2015-07-03T21:29:29", "title": "\u3010\u4f7f\u7528\u624b\u518c\u3011-\u4e2a\u4eba\u81ea\u52a9", "modifier": null, "pub_date": null, "attach": "", "user": 11}, "model": "basedata.document", "pk": 11}, {"fields": {"status": "0", "size": null, "begin": "2015-07-03", "code": "FD0012", "end": "9999-12-31", "description": "", "creator": "chengcai", "creation": "2015-07-03T21:29:58", "tp": "00", "keywords": "maximus \u9500\u552e\u7ba1\u7406", "business_domain": "OT", "modification": "2015-07-03T21:29:58", "title": "\u3010\u4f7f\u7528\u624b\u518c\u3011-\u9500\u552e\u7ba1\u7406", "modifier": null, "pub_date": null, "attach": "", "user": 11}, "model": "basedata.document", "pk": 12}, {"fields": {"status": "0", "size": null, "begin": "2015-07-03", "code": "FD0013", "end": "9999-12-31", "description": "", "creator": "chengcai", "creation": "2015-07-03T21:30:39", "tp": "00", "keywords": "maximus \u91c7\u8d2d\u7ba1\u7406", "business_domain": "OT", "modification": "2015-07-03T21:30:39", "title": "\u3010\u4f7f\u7528\u624b\u518c\u3011-\u91c7\u8d2d\u7ba1\u7406", "modifier": null, "pub_date": null, "attach": "", "user": 11}, "model": "basedata.document", "pk": 13}, {"fields": {"status": "0", "size": null, "begin": "2015-07-03", "code": "FD0014", "end": "9999-12-31", "description": "", "creator": "chengcai", "creation": "2015-07-03T21:31:19", "tp": "00", "keywords": "maximus \u5e93\u5b58\u7ba1\u7406", "business_domain": "OT", "modification": "2015-07-03T21:31:19", "title": "\u3010\u4f7f\u7528\u624b\u518c\u3011-\u5e93\u5b58\u7ba1\u7406", "modifier": null, "pub_date": null, "attach": "", "user": 11}, "model": "basedata.document", "pk": 14}, {"fields": {"status": "0", "size": null, "begin": "2015-07-03", "code": "FD0015", "end": "9999-12-31", "description": "", "creator": "chengcai", "creation": "2015-07-03T21:31:41", "tp": "00", "keywords": "maximus \u7ec4\u7ec7\u673a\u6784", "business_domain": "OT", "modification": "2015-07-03T21:31:41", "title": "\u3010\u4f7f\u7528\u624b\u518c\u3011-\u7ec4\u7ec7\u673a\u6784", "modifier": null, "pub_date": null, "attach": "", "user": 11}, "model": "basedata.document", "pk": 15}, {"fields": {"status": "0", "size": null, "begin": "2015-07-03", "code": "FD0016", "end": "9999-12-31", "description": "", "creator": "chengcai", "creation": "2015-07-03T21:32:03", "tp": "00", "keywords": "maximus \u57fa\u7840\u6570\u636e", "business_domain": "OT", "modification": "2015-07-03T21:32:03", "title": "\u3010\u4f7f\u7528\u624b\u518c\u3011-\u57fa\u7840\u6570\u636e", "modifier": null, "pub_date": null, "attach": "", "user": 11}, "model": "basedata.document", "pk": 16}, {"fields": {"status": "0", "size": null, "begin": "2015-07-03", "code": "FD0017", "end": "9999-12-31", "description": "", "creator": "chengcai", "creation": "2015-07-03T21:32:26", "tp": "00", "keywords": "maximus \u5de5\u4f5c\u6d41", "business_domain": "OT", "modification": "2015-07-03T21:32:26", "title": "\u3010\u4f7f\u7528\u624b\u518c\u3011-\u5de5\u4f5c\u6d41\u7ba1\u7406", "modifier": null, "pub_date": null, "attach": "", "user": 11}, "model": "basedata.document", "pk": 17}, {"fields": {"code": "N01", "can_terminate": false, "tooltip": "", "next_node_handler": null, "handler_type": 1, "approve_node": false, "next": [4], "start": false, "handler": "", "can_deny": true, "users": [], "email_notice": true, "stop": false, "status_value": null, "status_field": null, "can_edit": false, "name": "\u85aa\u916c\u4e13\u5458\u5ba1\u6279", "roles": [], "positions": [], "departments": [], "next_user_handler": null, "modal": 1, "action": null, "short_message_notice": false}, "model": "workflow.node", "pk": 3}, {"fields": {"code": "N02", "can_terminate": false, "tooltip": "", "next_node_handler": null, "handler_type": 1, "approve_node": false, "next": [], "start": false, "handler": "", "can_deny": true, "users": [], "email_notice": true, "stop": false, "status_value": null, "status_field": null, "can_edit": false, "name": "\u5408\u540c\u4e13\u5458\u5ba1\u6279", "roles": [], "positions": [], "departments": [], "next_user_handler": null, "modal": 1, "action": null, "short_message_notice": false}, "model": "workflow.node", "pk": 4}, {"fields": {"code": "N01", "can_terminate": false, "tooltip": null, "next_node_handler": "project.budge.gt.10000", "handler_type": 1, "approve_node": false, "next": [], "start": false, "handler": "", "can_deny": true, "users": [], "email_notice": true, "stop": false, "status_value": "02", "status_field": "status", "can_edit": true, "name": "\u5546\u52a1\u4e3b\u7ba1\u5ba1\u6279", "roles": [], "positions": [], "departments": [], "next_user_handler": "up.position.user", "modal": 2, "action": "", "short_message_notice": false}, "model": "workflow.node", "pk": 5}, {"fields": {"code": "N02", "can_terminate": false, "tooltip": null, "next_node_handler": "", "handler_type": 1, "approve_node": false, "next": [], "start": false, "handler": "", "can_deny": true, "users": [], "email_notice": true, "stop": false, "status_value": "03", "status_field": "status", "can_edit": false, "name": "\u8d22\u52a1\u7ecf\u7406\u5ba1\u6279", "roles": [], "positions": [], "departments": [], "next_user_handler": "up.position.user", "modal": 2, "action": "action.test", "short_message_notice": false}, "model": "workflow.node", "pk": 6}, {"fields": {"code": "N03", "can_terminate": false, "tooltip": null, "next_node_handler": "", "handler_type": 2, "approve_node": false, "next": [], "start": false, "handler": "", "can_deny": true, "users": [], "email_notice": true, "stop": false, "status_value": "", "status_field": "", "can_edit": false, "name": "\u603b\u7ecf\u7406\u5ba1\u6279", "roles": [], "positions": [87], "departments": [], "next_user_handler": "", "modal": 2, "action": "", "short_message_notice": false}, "model": "workflow.node", "pk": 7}, {"fields": {"code": "\u4f5b\u6321\u6740\u4f5b", "can_terminate": false, "tooltip": null, "next_node_handler": null, "handler_type": 1, "approve_node": false, "next": [], "start": false, "handler": null, "can_deny": true, "users": [], "email_notice": true, "stop": false, "status_value": null, "status_field": null, "can_edit": false, "name": "\u662f\u53d1\u653e", "roles": [], "positions": [], "departments": [], "next_user_handler": "\u7b2c\u4e09\u65b9", "modal": 3, "action": null, "short_message_notice": false}, "model": "workflow.node", "pk": 8}, {"fields": {"code": "\u662f\u5426\u6536\u5230", "can_terminate": false, "tooltip": null, "next_node_handler": null, "handler_type": 1, "approve_node": false, "next": [], "start": false, "handler": null, "can_deny": true, "users": [], "email_notice": true, "stop": false, "status_value": null, "status_field": null, "can_edit": false, "name": "\u662f\u6cd5\u5e08\u6253", "roles": [], "positions": [], "departments": [], "next_user_handler": "\u6536\u5230\u53d1", "modal": 3, "action": null, "short_message_notice": false}, "model": "workflow.node", "pk": 9}, {"fields": {"status": 99, "code": "S00001", "current_nodes": [], "start_time": "2015-07-02T06:19:52", "object_id": 8, "starter": 14, "modal": 2, "approved_time": "2015-07-03T05:51:08"}, "model": "workflow.instance", "pk": 1}, {"fields": {"status": 99, "code": "S00003", "current_nodes": [], "start_time": "2015-07-05T09:44:25", "object_id": 9, "starter": 14, "modal": 2, "approved_time": "2015-07-12T01:26:40"}, "model": "workflow.instance", "pk": 3}, {"fields": {"status": 1, "code": "S00008", "current_nodes": [5], "start_time": "2015-07-30T21:24:06", "object_id": 7, "starter": 14, "modal": 2, "approved_time": null}, "model": "workflow.instance", "pk": 8}, {"fields": {"node": null, "pro_type": 0, "pro_time": "2015-07-02T06:19:52", "memo": null, "inst": 1, "user": 14}, "model": "workflow.history", "pk": 1}, {"fields": {"node": 5, "pro_type": 1, "pro_time": "2015-07-03T05:48:11", "memo": "\u540c\u610f", "inst": 1, "user": 13}, "model": "workflow.history", "pk": 2}, {"fields": {"node": 6, "pro_type": 1, "pro_time": "2015-07-03T05:50:38", "memo": "\u597d", "inst": 1, "user": 16}, "model": "workflow.history", "pk": 3}, {"fields": {"node": 7, "pro_type": 1, "pro_time": "2015-07-03T05:51:08", "memo": "", "inst": 1, "user": 16}, "model": "workflow.history", "pk": 4}, {"fields": {"node": null, "pro_type": 0, "pro_time": "2015-07-05T09:44:25", "memo": null, "inst": 3, "user": 14}, "model": "workflow.history", "pk": 7}, {"fields": {"node": 5, "pro_type": 1, "pro_time": "2015-07-09T21:25:38", "memo": "123", "inst": 3, "user": 13}, "model": "workflow.history", "pk": 14}, {"fields": {"node": 6, "pro_type": 1, "pro_time": "2015-07-12T01:26:21", "memo": "12", "inst": 3, "user": 16}, "model": "workflow.history", "pk": 15}, {"fields": {"node": 7, "pro_type": 1, "pro_time": "2015-07-12T01:26:40", "memo": "123", "inst": 3, "user": 16}, "model": "workflow.history", "pk": 16}, {"fields": {"node": null, "pro_type": 0, "pro_time": "2015-07-30T21:24:06", "memo": null, "inst": 8, "user": 14}, "model": "workflow.history", "pk": 20}, {"fields": {"node": 5, "status": true, "code": "TD00001", "app_name": "basedata", "arrived_time": "2015-07-02T06:19:52", "is_read": true, "read_time": "2015-07-02T06:20:23", "inst": 1, "user": 13, "model_name": "project"}, "model": "workflow.todolist", "pk": 1}, {"fields": {"node": 6, "status": true, "code": "TD00002", "app_name": "basedata", "arrived_time": "2015-07-03T05:48:11", "is_read": true, "read_time": "2015-07-03T05:50:21", "inst": 1, "user": 16, "model_name": "project"}, "model": "workflow.todolist", "pk": 2}, {"fields": {"node": 7, "status": true, "code": "TD00003", "app_name": "basedata", "arrived_time": "2015-07-03T05:50:38", "is_read": true, "read_time": "2015-07-03T05:50:39", "inst": 1, "user": 16, "model_name": "project"}, "model": "workflow.todolist", "pk": 3}, {"fields": {"node": 5, "status": true, "code": "TD00005", "app_name": "basedata", "arrived_time": "2015-07-05T09:44:25", "is_read": true, "read_time": "2015-07-05T09:49:38", "inst": 3, "user": 13, "model_name": "project"}, "model": "workflow.todolist", "pk": 5}, {"fields": {"node": 6, "status": true, "code": "TD00012", "app_name": "basedata", "arrived_time": "2015-07-09T21:25:38", "is_read": true, "read_time": "2015-07-12T01:26:17", "inst": 3, "user": 16, "model_name": "project"}, "model": "workflow.todolist", "pk": 12}, {"fields": {"node": 7, "status": true, "code": "TD00013", "app_name": "basedata", "arrived_time": "2015-07-12T01:26:21", "is_read": true, "read_time": "2015-07-12T01:26:21", "inst": 3, "user": 16, "model_name": "project"}, "model": "workflow.todolist", "pk": 13}, {"fields": {"node": 5, "status": false, "code": "TD00017", "app_name": "basedata", "arrived_time": "2015-07-30T21:24:06", "is_read": true, "read_time": "2015-07-30T21:24:17", "inst": 8, "user": 13, "model_name": "project"}, "model": "workflow.todolist", "pk": 17}, {"fields": {"node": null, "status": true, "code": "TD00018", "app_name": "basedata", "arrived_time": "2015-07-30T21:24:06", "is_read": true, "read_time": "2015-07-30T21:24:06", "inst": 8, "user": 14, "model_name": "project"}, "model": "workflow.todolist", "pk": 18}, {"fields": {"status": "NEW", "begin": "2015-07-04", "code": "WO00001", "end": "9999-12-31", "description": "2015\u5e743\u6708\u4efd\u529e\u516c\u7528\u54c1\u91c7\u8d2d\uff0c\u8be6\u7ec6\u67e5\u770b\u660e\u7ec6,2", "classification": "D", "creator": "zhangsan", "creation": "2015-07-04T10:56:34", "detail": "", "business_domain": "OT", "project": 8, "answer": null, "service": 62, "user": 13, "modification": "2015-07-04T18:21:01", "title": "\u7533\u8bf7\u91c7\u8d2d\u529e\u516c\u7528\u54c1\u4e00\u6279", "modifier": "zhangsan", "attach": "", "refer": null}, "model": "selfhelp.workorder", "pk": 1}, {"fields": {"status": "NEW", "begin": "2015-07-04", "code": "WO00002", "end": "9999-12-31", "description": "\u56e0\u9879\u76ee\u9700\u8981\uff0c\u524d\u5f80\u91cd\u5e86\u51fa\u5dee\u3002", "classification": "S", "creator": "zhangsan", "creation": "2015-07-04T11:58:58", "detail": "", "business_domain": "OT", "project": null, "answer": null, "service": 1, "user": 13, "modification": "2015-07-04T11:58:58", "title": "\u51fa\u5dee\u7533\u8bf7\uff08\u91cd\u5e86\uff09", "modifier": null, "attach": "", "refer": null}, "model": "selfhelp.workorder", "pk": 2}, {"fields": {"status": "NEW", "begin": "2015-07-04", "code": "WO00003", "end": "9999-12-31", "description": "\u5185\u6709\u70df\u5934\uff0c\u8bf7\u5b89\u6392\u4eba\u5458\u6e05\u7406", "classification": "R", "creator": "zhangsan", "creation": "2015-07-04T12:15:27", "detail": "", "business_domain": "OT", "project": null, "answer": null, "service": null, "user": 13, "modification": "2015-07-04T15:19:05", "title": "2\u53f7\u697c3\u697c\u7537\u5395\u6240\u5c0f\u4fbf\u6c60\u5835\u585e", "modifier": "zhangsan", "attach": "", "refer": null}, "model": "selfhelp.workorder", "pk": 3}, {"fields": {"status": "NEW", "begin": "2015-07-04", "code": "WO00004", "end": "9999-12-31", "description": "", "classification": "S", "creator": "zhangsan", "creation": "2015-07-04T12:18:14", "detail": "", "business_domain": "OT", "project": null, "answer": null, "service": 3, "user": 13, "modification": "2015-07-04T12:18:14", "title": "\u7528\u8f66\u7533\u8bf7\uff08\u5f20\u6c5f\uff09", "modifier": null, "attach": "", "refer": null}, "model": "selfhelp.workorder", "pk": 4}, {"fields": {"status": "N", "begin": "2015-07-04", "code": "JK00001", "end": "9999-12-31", "description": "\u884c\u653f\u90e8\u96f6\u661f\u91c7\u8d2d\u4f7f\u7528", "creator": "zhangsan", "logout_amount": null, "creation": "2015-07-04T13:36:53", "logout_time": null, "project": 7, "pay_user": null, "loan_amount": "3000.00", "user": 13, "pay_time": null, "modification": "2015-07-04T13:36:53", "title": "2015\u5e743\u6708\u4efd\u884c\u653f\u90e8\u5907\u7528\u91d1", "modifier": null, "is_clear": false}, "model": "selfhelp.loan", "pk": 1}, {"fields": {"code": "BX00001", "creator": "zhangsan", "loan": 1, "creation": "2015-07-04T13:38:14", "pay_time": null, "pay_user": null, "end": "9999-12-31", "title": "15\u5e743\u6708\u4efd\u884c\u653f\u90e8\u8d39\u7528\u62a5\u9500", "modification": "2015-07-04T13:39:59", "status": "N", "begin": "2015-07-04", "description": "\u5370\u5237\u5ba3\u4f20\u518c\u53ca\u7ef4\u4fee\u8d39", "pay_amount": "0.00", "wo": null, "loan_amount": null, "user": 13, "org": 72, "bank_account": null, "logout_amount": "1348.00", "project": 7, "amount": "1348.00", "modifier": "zhangsan"}, "model": "selfhelp.reimbursement", "pk": 1}, {"fields": {"status": "9", "begin": "2015-06-14", "code": "QC015", "end": "9999-12-31", "creator": "zhugl", "title": "\u671f\u521d\u5e93\u5b58x12", "creation": "2015-06-14T13:22:36", "execute_time": "2015-06-14T13:22:54", "attach": "inventory/INVENTORY_PPfDioe.csv", "amount": "19438.0000", "user": null, "modification": "2015-06-14T13:22:54", "org": 1, "modifier": null}, "model": "invent.initialinventory", "pk": 15}, {"fields": {"status": "9", "begin": "2015-07-17", "code": "RK00001", "end": "9999-12-31", "creator": "chengcai", "title": "\u4e00\u6279\u529e\u516c\u7269\u8d44\u5165\u5e93", "creation": "2015-07-17T12:07:05", "batch": "", "execute_time": "2015-07-17T12:29:02", "warehouse": 3, "amount": "1414.5300", "user": 11, "modification": "2015-07-17T12:29:02", "org": null, "modifier": "chengcai", "po": 1}, "model": "invent.stockin", "pk": 1}, {"fields": {"status": "9", "begin": "2015-07-15", "code": "CK00001", "end": "9999-12-31", "description": "", "creator": "chengcai", "wo": 1, "title": "\u4f1a\u8bae\u63a5\u5f85\u9886\u7528\u6c34\u679c", "creation": "2015-07-15T12:36:18", "execute_time": "2015-07-15T12:43:35", "project": 8, "amount": "28.0000", "user": 11, "modification": "2015-07-15T12:43:35", "org": null, "modifier": "chengcai"}, "model": "invent.stockout", "pk": 1}, {"fields": {"status": "9", "begin": "2015-07-17", "code": "FK0001", "end": "9999-12-31", "creator": "chengcai", "title": "\u5f52\u8fd8\u7269\u8d44", "creation": "2015-07-17T12:12:39", "execute_time": "2015-07-17T12:56:25", "amount": "11.2000", "user": 11, "modification": "2015-07-17T12:56:25", "org": null, "modifier": "chengcai", "out": 1}, "model": "invent.warereturn", "pk": 1}, {"fields": {"status": "9", "begin": "2015-06-21", "code": "TZ001", "end": "9999-12-31", "description": "", "creator": "zhugl", "title": "\u6c34\u679c\u5e93\u5b58\u8c03\u6574", "creation": "2015-06-21T14:34:47", "execute_time": "2015-06-21T14:42:33", "user": null, "modification": "2015-06-21T14:42:33", "org": null, "modifier": null}, "model": "invent.wareadjust", "pk": 1}, {"fields": {"status": "9", "begin": "2015-07-17", "code": "TZ002", "end": "9999-12-31", "description": "\u56e0\u524d\u671f\u76d8\u70b9\u6709\u8bef\uff0c\u8c03\u6574\u5e93\u5b58\u6570\u91cf", "creator": "chengcai", "title": "\u8c03\u6574\u4e00\u6279\u7269\u8d44\u5e93\u5b58", "creation": "2015-07-17T12:09:39", "execute_time": "2015-07-17T12:37:12", "user": 11, "modification": "2015-07-17T12:37:12", "org": null, "modifier": null}, "model": "invent.wareadjust", "pk": 2}, {"fields": {"status": "99", "begin": "2015-06-30", "code": "CG00001", "end": "9999-12-31", "description": "", "creator": "chengcai", "title": "\u91c7\u8d2d\u7269\u54c1", "org": null, "creation": "2015-06-30T20:23:07", "entry_time": "2015-07-17T12:29:02", "arrive_date": "2015-07-30", "attach": "", "amount": "1655.00", "user": 11, "order_date": "2015-06-30", "modification": "2015-07-17T12:29:02", "partner": 18, "modifier": "chengcai", "entry_status": true, "discount_amount": "0.00"}, "model": "purchase.purchaseorder", "pk": 1}, {"fields": {"code": "12", "creator": "lwl", "creation": "2016-12-12T18:17:41", "fax": "24234", "order_date": "2016-12-12", "deliver_address": "dian  sdfds", "end": "9999-12-31", "deliver_date": "2017-01-11", "title": "laozi 100", "modification": "2016-12-12T18:17:41", "status": "0", "begin": "2016-12-12", "description": "laozi de  qian", "invoice_type": "10", "phone": "18605487401", "user": 18, "org": 1, "discount_amount": "10000.00", "partner": 17, "amount": "0.00", "contact": "liuhan", "modifier": null}, "model": "sale.saleorder", "pk": 1}, {"fields": {"status": false, "begin": "2015-07-07", "code": "BJ00001", "end": "9999-12-31", "description": "", "deliver_date": "2015-08-06", "creator": "chengcai", "title": "123", "discount_amount": "0.00", "creation": "2015-07-07T21:09:46", "attach": "", "amount": "21738.00", "event_time": null, "user": 11, "org": null, "modification": "2015-07-07T21:10:14", "partner": 17, "modifier": "chengcai", "offer_date": "2015-07-07"}, "model": "sale.offersheet", "pk": 1}, {"fields": {"action_flag": 3, "action_time": "2015-06-28T06:19:13", "object_repr": "\u7528\u6237\u4fe1\u606f", "object_id": "18", "change_message": "", "user": 11, "content_type": 75}, "model": "admin.logentry", "pk": 986}, {"fields": {"action_flag": 1, "action_time": "2015-06-28T06:19:51", "object_repr": "\u7528\u6237\u4fe1\u606f\u5bfc\u5165", "object_id": "19", "change_message": "", "user": 11, "content_type": 75}, "model": "admin.logentry", "pk": 987}, {"fields": {"action_flag": 2, "action_time": "2015-06-28T06:21:08", "object_repr": "\u7528\u6237\u4fe1\u606f\u5bfc\u5165", "object_id": "19", "change_message": "\u5df2\u4fee\u6539 attach \u3002", "user": 11, "content_type": 75}, "model": "admin.logentry", "pk": 988}, {"fields": {"action_flag": 1, "action_time": "2015-06-28T07:27:18", "object_repr": "\u89c4\u7ae0\u5236\u5ea6-\u8003\u52e4\u624b\u518c", "object_id": "1", "change_message": "", "user": 11, "content_type": 76}, "model": "admin.logentry", "pk": 989}, {"fields": {"action_flag": 2, "action_time": "2015-06-28T07:40:49", "object_repr": "\u804c\u5458", "object_id": "1", "change_message": "\u5df2\u4fee\u6539 permissions \u3002", "user": 11, "content_type": 3}, "model": "admin.logentry", "pk": 990}, {"fields": {"action_flag": 2, "action_time": "2015-06-28T08:16:44", "object_repr": "\u3010\u6a21\u677f\u6587\u6863\u3011-\u3010\u57fa\u7840\u6570\u636e\u3011-1001\u90e8\u95e8\u5c97\u4f4d\u5458\u5de5\u5bfc\u5165\u6a21\u677f", "object_id": "1", "change_message": "\u5df2\u4fee\u6539 title\uff0ckeywords\uff0cdescription\uff0ctp \u548c attach \u3002", "user": 11, "content_type": 76}, "model": "admin.logentry", "pk": 991}, {"fields": {"action_flag": 2, "action_time": "2015-06-28T08:18:34", "object_repr": "\u3010\u6a21\u677f\u6587\u6863\u3011-\u3010\u57fa\u7840\u6570\u636e\u3011-1001\u90e8\u95e8\u5c97\u4f4d\u5458\u5de5\u5bfc\u5165\u6a21\u677f", "object_id": "1", "change_message": "\u5df2\u4fee\u6539 description \u3002", "user": 11, "content_type": 76}, "model": "admin.logentry", "pk": 992}, {"fields": {"action_flag": 2, "action_time": "2015-06-28T08:20:33", "object_repr": "\u3010\u6a21\u677f\u6587\u6863\u3011-\u3010\u57fa\u7840\u6570\u636e\u3011-1001\u90e8\u95e8\u5c97\u4f4d\u5458\u5de5\u5bfc\u5165\u6a21\u677f", "object_id": "1", "change_message": "\u5df2\u4fee\u6539 description \u3002", "user": 11, "content_type": 76}, "model": "admin.logentry", "pk": 993}, {"fields": {"action_flag": 2, "action_time": "2015-06-28T08:21:18", "object_repr": "\u3010\u6a21\u677f\u6587\u6863\u3011-\u3010\u57fa\u7840\u6570\u636e\u3011-1001\u90e8\u95e8\u5c97\u4f4d\u5458\u5de5\u5bfc\u5165\u6a21\u677f", "object_id": "1", "change_message": "\u5df2\u4fee\u6539 description \u3002", "user": 11, "content_type": 76}, "model": "admin.logentry", "pk": 994}, {"fields": {"action_flag": 1, "action_time": "2015-06-28T08:23:01", "object_repr": "\u3010\u6a21\u677f\u6587\u6863\u3011-\u3010\u57fa\u7840\u6570\u636e\u3011-1002\u671f\u521d\u5e93\u5b58\u5bfc\u5165\u6a21\u677f", "object_id": "2", "change_message": "", "user": 11, "content_type": 76}, "model": "admin.logentry", "pk": 995}, {"fields": {"action_flag": 2, "action_time": "2015-06-28T08:23:55", "object_repr": "\u3010\u6a21\u677f\u6587\u6863\u3011-\u3010\u57fa\u7840\u6570\u636e\u3011-1002\u671f\u521d\u5e93\u5b58\u5bfc\u5165\u6a21\u677f", "object_id": "2", "change_message": "\u5df2\u4fee\u6539 description \u3002", "user": 11, "content_type": 76}, "model": "admin.logentry", "pk": 996}, {"fields": {"action_flag": 2, "action_time": "2015-06-28T08:26:09", "object_repr": "\u3010\u6a21\u677f\u6587\u6863\u3011-\u3010\u57fa\u7840\u6570\u636e\u3011-1002\u671f\u521d\u5e93\u5b58\u5bfc\u5165\u6a21\u677f", "object_id": "2", "change_message": "\u5df2\u4fee\u6539 description \u3002", "user": 11, "content_type": 76}, "model": "admin.logentry", "pk": 997}, {"fields": {"action_flag": 2, "action_time": "2015-06-28T08:27:02", "object_repr": "\u3010\u6a21\u677f\u6587\u6863\u3011-\u3010\u57fa\u7840\u6570\u636e\u3011-1002\u671f\u521d\u5e93\u5b58\u5bfc\u5165\u6a21\u677f", "object_id": "2", "change_message": "\u5df2\u4fee\u6539 description \u3002", "user": 11, "content_type": 76}, "model": "admin.logentry", "pk": 998}, {"fields": {"action_flag": 1, "action_time": "2015-06-28T08:30:17", "object_repr": "\u3010\u6a21\u677f\u6587\u6863\u3011-\u3010\u57fa\u7840\u6570\u636e\u3011-1003\u5408\u4f5c\u4f19\u4f34\u5bfc\u5165\u6a21\u677f", "object_id": "3", "change_message": "", "user": 11, "content_type": 76}, "model": "admin.logentry", "pk": 999}, {"fields": {"action_flag": 2, "action_time": "2015-06-28T08:31:03", "object_repr": "\u3010\u6a21\u677f\u6587\u6863\u3011-\u3010\u57fa\u7840\u6570\u636e\u3011-1003\u5408\u4f5c\u4f19\u4f34\u5bfc\u5165\u6a21\u677f", "object_id": "3", "change_message": "\u5df2\u4fee\u6539 description \u3002", "user": 11, "content_type": 76}, "model": "admin.logentry", "pk": 1000}, {"fields": {"action_flag": 1, "action_time": "2015-06-28T08:32:25", "object_repr": "\u3010\u6a21\u677f\u6587\u6863\u3011-\u3010\u57fa\u7840\u6570\u636e\u3011-1004\u9879\u76ee\u4fe1\u606f\u5bfc\u5165\u6a21\u677f", "object_id": "4", "change_message": "", "user": 11, "content_type": 76}, "model": "admin.logentry", "pk": 1001}, {"fields": {"action_flag": 2, "action_time": "2015-06-28T08:32:33", "object_repr": "\u3010\u6a21\u677f\u6587\u6863\u3011-\u3010\u57fa\u7840\u6570\u636e\u3011-1003\u5408\u4f5c\u4f19\u4f34\u5bfc\u5165\u6a21\u677f", "object_id": "3", "change_message": "\u5df2\u4fee\u6539 tp \u3002", "user": 11, "content_type": 76}, "model": "admin.logentry", "pk": 1002}, {"fields": {"action_flag": 2, "action_time": "2015-06-28T08:32:43", "object_repr": "\u3010\u6a21\u677f\u6587\u6863\u3011-\u3010\u57fa\u7840\u6570\u636e\u3011-1002\u671f\u521d\u5e93\u5b58\u5bfc\u5165\u6a21\u677f", "object_id": "2", "change_message": "\u5df2\u4fee\u6539 tp \u3002", "user": 11, "content_type": 76}, "model": "admin.logentry", "pk": 1003}, {"fields": {"action_flag": 1, "action_time": "2015-06-28T08:35:37", "object_repr": "\u3010\u6a21\u677f\u6587\u6863\u3011-\u3010\u57fa\u7840\u6570\u636e\u3011-1005\u7528\u6237\u4fe1\u606f\u5bfc\u5165\u6a21\u677f", "object_id": "5", "change_message": "", "user": 11, "content_type": 76}, "model": "admin.logentry", "pk": 1004}, {"fields": {"action_flag": 2, "action_time": "2015-06-28T08:35:59", "object_repr": "\u3010\u6a21\u677f\u6587\u6863\u3011-\u3010\u57fa\u7840\u6570\u636e\u3011-1005\u7528\u6237\u4fe1\u606f\u5bfc\u5165\u6a21\u677f", "object_id": "5", "change_message": "\u5df2\u4fee\u6539 tp \u3002", "user": 11, "content_type": 76}, "model": "admin.logentry", "pk": 1005}, {"fields": {"action_flag": 1, "action_time": "2015-06-28T08:39:50", "object_repr": "\u3010\u6a21\u677f\u6587\u6863\u3011-\u3010\u660e\u7ec6\u6570\u636e\u3011-2001\u62a5\u4ef7\u5355\u660e\u7ec6\u5bfc\u5165\u6a21\u677f", "object_id": "6", "change_message": "", "user": 11, "content_type": 76}, "model": "admin.logentry", "pk": 1006}, {"fields": {"action_flag": 2, "action_time": "2015-06-28T08:44:03", "object_repr": "\u3010\u6a21\u677f\u6587\u6863\u3011-\u3010\u660e\u7ec6\u6570\u636e\u3011-2001\u62a5\u4ef7\u5355\u660e\u7ec6\u5bfc\u5165\u6a21\u677f", "object_id": "6", "change_message": "\u5df2\u4fee\u6539 description \u3002", "user": 11, "content_type": 76}, "model": "admin.logentry", "pk": 1007}, {"fields": {"action_flag": 2, "action_time": "2015-06-28T08:45:56", "object_repr": "\u3010\u6a21\u677f\u6587\u6863\u3011-\u3010\u660e\u7ec6\u6570\u636e\u3011-2001\u62a5\u4ef7\u5355\u660e\u7ec6\u5bfc\u5165\u6a21\u677f", "object_id": "6", "change_message": "\u5df2\u4fee\u6539 description \u3002", "user": 11, "content_type": 76}, "model": "admin.logentry", "pk": 1008}, {"fields": {"action_flag": 1, "action_time": "2015-06-28T08:47:41", "object_repr": "\u3010\u6a21\u677f\u6587\u6863\u3011-\u3010\u660e\u7ec6\u6570\u636e\u3011-2002\u9700\u6c42\u5355\u660e\u7ec6\u5bfc\u5165\u6a21\u677f", "object_id": "7", "change_message": "", "user": 11, "content_type": 76}, "model": "admin.logentry", "pk": 1009}, {"fields": {"action_flag": 2, "action_time": "2015-06-28T08:48:09", "object_repr": "\u3010\u6a21\u677f\u6587\u6863\u3011-\u3010\u660e\u7ec6\u6570\u636e\u3011-2002\u9700\u6c42\u5355\u660e\u7ec6\u5bfc\u5165\u6a21\u677f", "object_id": "7", "change_message": "\u5df2\u4fee\u6539 description \u3002", "user": 11, "content_type": 76}, "model": "admin.logentry", "pk": 1010}, {"fields": {"action_flag": 1, "action_time": "2015-06-28T08:50:09", "object_repr": "\u3010\u6a21\u677f\u6587\u6863\u3011-\u3010\u660e\u7ec6\u6570\u636e\u3011-2003\u91c7\u8d2d\u5355\u660e\u7ec6\u5bfc\u5165\u6a21\u677f", "object_id": "8", "change_message": "", "user": 11, "content_type": 76}, "model": "admin.logentry", "pk": 1011}, {"fields": {"action_flag": 2, "action_time": "2015-06-28T08:54:09", "object_repr": "\u3010\u6a21\u677f\u6587\u6863\u3011-\u3010\u57fa\u7840\u6570\u636e\u3011-1001\u90e8\u95e8\u5c97\u4f4d\u5458\u5de5\u5bfc\u5165\u6a21\u677f", "object_id": "1", "change_message": "\u5df2\u4fee\u6539 description \u3002", "user": 11, "content_type": 76}, "model": "admin.logentry", "pk": 1012}, {"fields": {"action_flag": 3, "action_time": "2015-06-28T08:58:43", "object_repr": "\u7528\u6237\u4fe1\u606f\u5bfc\u5165", "object_id": "19", "change_message": "", "user": 11, "content_type": 75}, "model": "admin.logentry", "pk": 1013}, {"fields": {"action_flag": 3, "action_time": "2015-06-28T08:58:43", "object_repr": "\u9879\u76ee\u5bfc\u5165", "object_id": "16", "change_message": "", "user": 11, "content_type": 75}, "model": "admin.logentry", "pk": 1014}, {"fields": {"action_flag": 3, "action_time": "2015-06-28T08:58:43", "object_repr": "\u5408\u4f5c\u4f19\u4f34", "object_id": "15", "change_message": "", "user": 11, "content_type": 75}, "model": "admin.logentry", "pk": 1015}, {"fields": {"action_flag": 1, "action_time": "2015-06-28T09:03:59", "object_repr": "\u3010\u4e0a\u7ebf\u51c6\u5907\u3011-\u3010\u90e8\u95e8|\u5c97\u4f4d|\u5458\u5de5\u3011\u6570\u636e\u5bfc\u5165", "object_id": "20", "change_message": "", "user": 11, "content_type": 75}, "model": "admin.logentry", "pk": 1016}, {"fields": {"action_flag": 2, "action_time": "2015-06-28T09:06:51", "object_repr": "\u3010\u4e0a\u7ebf\u51c6\u5907\u3011-\u3010\u90e8\u95e8|\u5c97\u4f4d|\u5458\u5de5\u3011\u6570\u636e\u5bfc\u5165", "object_id": "20", "change_message": "\u5df2\u4fee\u6539 description \u3002", "user": 11, "content_type": 75}, "model": "admin.logentry", "pk": 1017}, {"fields": {"action_flag": 2, "action_time": "2015-06-28T09:07:25", "object_repr": "\u3010\u4e0a\u7ebf\u51c6\u5907\u3011-\u3010\u90e8\u95e8|\u5c97\u4f4d|\u5458\u5de5\u3011\u6570\u636e\u5bfc\u5165", "object_id": "20", "change_message": "\u5df2\u4fee\u6539 description \u3002", "user": 11, "content_type": 75}, "model": "admin.logentry", "pk": 1018}, {"fields": {"action_flag": 2, "action_time": "2015-06-28T09:07:45", "object_repr": "\u3010\u4e0a\u7ebf\u51c6\u5907\u3011-\u3010\u90e8\u95e8|\u5c97\u4f4d|\u5458\u5de5\u3011\u6570\u636e\u5bfc\u5165", "object_id": "20", "change_message": "\u5df2\u4fee\u6539 description \u3002", "user": 11, "content_type": 75}, "model": "admin.logentry", "pk": 1019}, {"fields": {"action_flag": 2, "action_time": "2015-06-28T09:08:36", "object_repr": "\u3010\u4e0a\u7ebf\u51c6\u5907\u3011-\u3010\u90e8\u95e8|\u5c97\u4f4d|\u5458\u5de5\u3011\u6570\u636e\u5bfc\u5165", "object_id": "20", "change_message": "\u5df2\u4fee\u6539 description \u3002", "user": 11, "content_type": 75}, "model": "admin.logentry", "pk": 1020}, {"fields": {"action_flag": 1, "action_time": "2015-06-28T09:09:24", "object_repr": "\u3010\u4e0a\u7ebf\u51c6\u5907\u3011-\u3010\u7528\u6237\u4fe1\u606f\u3011\u6570\u636e\u5bfc\u5165", "object_id": "21", "change_message": "", "user": 11, "content_type": 75}, "model": "admin.logentry", "pk": 1021}, {"fields": {"action_flag": 2, "action_time": "2015-06-28T09:10:16", "object_repr": "\u3010\u4e0a\u7ebf\u51c6\u5907\u3011-\u3010\u7528\u6237\u4fe1\u606f\u3011\u6570\u636e\u5bfc\u5165", "object_id": "21", "change_message": "\u5df2\u4fee\u6539 description \u3002", "user": 11, "content_type": 75}, "model": "admin.logentry", "pk": 1022}, {"fields": {"action_flag": 2, "action_time": "2015-06-28T09:10:30", "object_repr": "\u3010\u4e0a\u7ebf\u51c6\u5907\u3011-\u3010\u7528\u6237\u4fe1\u606f\u3011\u6570\u636e\u5bfc\u5165", "object_id": "21", "change_message": "\u5df2\u4fee\u6539 description \u3002", "user": 11, "content_type": 75}, "model": "admin.logentry", "pk": 1023}, {"fields": {"action_flag": 2, "action_time": "2015-06-28T09:11:53", "object_repr": "\u3010\u4e0a\u7ebf\u51c6\u5907\u3011-\u3010\u7528\u6237\u4fe1\u606f\u3011\u6570\u636e\u5bfc\u5165", "object_id": "21", "change_message": "\u5df2\u4fee\u6539 description \u3002", "user": 11, "content_type": 75}, "model": "admin.logentry", "pk": 1024}, {"fields": {"action_flag": 2, "action_time": "2015-06-28T09:12:02", "object_repr": "\u3010\u4e0a\u7ebf\u51c6\u5907\u3011-\u3010\u90e8\u95e8|\u5c97\u4f4d|\u5458\u5de5\u3011\u6570\u636e\u5bfc\u5165", "object_id": "20", "change_message": "\u5df2\u4fee\u6539 description \u3002", "user": 11, "content_type": 75}, "model": "admin.logentry", "pk": 1025}, {"fields": {"action_flag": 2, "action_time": "2015-06-28T09:12:46", "object_repr": "\u3010\u4e0a\u7ebf\u51c6\u5907\u3011-\u3010\u7528\u6237\u4fe1\u606f\u3011\u6570\u636e\u5bfc\u5165", "object_id": "21", "change_message": "\u5df2\u4fee\u6539 is_clear \u3002", "user": 11, "content_type": 75}, "model": "admin.logentry", "pk": 1026}, {"fields": {"action_flag": 1, "action_time": "2015-06-28T09:13:34", "object_repr": "\u3010\u4e0a\u7ebf\u51c6\u5907\u3011-\u3010\u5408\u4f5c\u4f19\u4f34\u4fe1\u606f\u3011\u6570\u636e\u5bfc\u5165", "object_id": "22", "change_message": "", "user": 11, "content_type": 75}, "model": "admin.logentry", "pk": 1027}, {"fields": {"action_flag": 2, "action_time": "2015-06-28T09:14:29", "object_repr": "\u3010\u4e0a\u7ebf\u51c6\u5907\u3011-\u3010\u5408\u4f5c\u4f19\u4f34\u4fe1\u606f\u3011\u6570\u636e\u5bfc\u5165", "object_id": "22", "change_message": "\u5df2\u4fee\u6539 description \u3002", "user": 11, "content_type": 75}, "model": "admin.logentry", "pk": 1028}, {"fields": {"action_flag": 2, "action_time": "2015-06-28T09:14:45", "object_repr": "\u3010\u4e0a\u7ebf\u51c6\u5907\u3011-\u3010\u5408\u4f5c\u4f19\u4f34\u4fe1\u606f\u3011\u6570\u636e\u5bfc\u5165", "object_id": "22", "change_message": "\u5df2\u4fee\u6539 description \u3002", "user": 11, "content_type": 75}, "model": "admin.logentry", "pk": 1029}, {"fields": {"action_flag": 2, "action_time": "2015-06-28T09:16:24", "object_repr": "\u3010\u4e0a\u7ebf\u51c6\u5907\u3011-\u3010\u90e8\u95e8|\u5c97\u4f4d|\u5458\u5de5\u3011\u7b2c\u4e00\u6b65", "object_id": "20", "change_message": "\u5df2\u4fee\u6539 title \u3002", "user": 11, "content_type": 75}, "model": "admin.logentry", "pk": 1030}, {"fields": {"action_flag": 2, "action_time": "2015-06-28T09:16:37", "object_repr": "\u3010\u4e0a\u7ebf\u51c6\u5907\u3011-\u3010\u7528\u6237\u4fe1\u606f\u3011\u7b2c\u4e8c\u6b65", "object_id": "21", "change_message": "\u5df2\u4fee\u6539 title \u3002", "user": 11, "content_type": 75}, "model": "admin.logentry", "pk": 1031}, {"fields": {"action_flag": 2, "action_time": "2015-06-28T09:16:49", "object_repr": "\u3010\u4e0a\u7ebf\u51c6\u5907\u3011-\u3010\u5408\u4f5c\u4f19\u4f34\u4fe1\u606f\u3011\u7b2c\u4e09\u6b65", "object_id": "22", "change_message": "\u5df2\u4fee\u6539 title \u3002", "user": 11, "content_type": 75}, "model": "admin.logentry", "pk": 1032}, {"fields": {"action_flag": 1, "action_time": "2015-06-28T09:18:59", "object_repr": "\u3010\u4e0a\u7ebf\u51c6\u5907\u3011-\u3010\u9879\u76ee\u4fe1\u606f\u3011\u6570\u636e\u5bfc\u5165", "object_id": "23", "change_message": "", "user": 11, "content_type": 75}, "model": "admin.logentry", "pk": 1033}, {"fields": {"action_flag": 2, "action_time": "2015-06-28T09:19:11", "object_repr": "\u3010\u4e0a\u7ebf\u51c6\u5907\u3011-\u3010\u9879\u76ee\u4fe1\u606f\u3011\u7b2c\u56db\u6b65", "object_id": "23", "change_message": "\u5df2\u4fee\u6539 title \u3002", "user": 11, "content_type": 75}, "model": "admin.logentry", "pk": 1034}, {"fields": {"action_flag": 2, "action_time": "2015-06-28T09:19:28", "object_repr": "\u3010\u4e0a\u7ebf\u51c6\u5907\u3011-\u3010\u9879\u76ee\u4fe1\u606f\u3011\u7b2c\u56db\u6b65\uff08\u53ef\u9009\uff09", "object_id": "23", "change_message": "\u5df2\u4fee\u6539 title \u3002", "user": 11, "content_type": 75}, "model": "admin.logentry", "pk": 1035}, {"fields": {"action_flag": 2, "action_time": "2015-06-28T09:20:20", "object_repr": "\u3010\u4e0a\u7ebf\u51c6\u5907\u3011-\u3010\u5408\u4f5c\u4f19\u4f34\u4fe1\u606f\u3011\u7b2c\u4e09\u6b65", "object_id": "22", "change_message": "\u5df2\u4fee\u6539 description \u3002", "user": 11, "content_type": 75}, "model": "admin.logentry", "pk": 1036}, {"fields": {"action_flag": 2, "action_time": "2015-06-28T09:20:48", "object_repr": "\u3010\u4e0a\u7ebf\u51c6\u5907\u3011-\u3010\u9879\u76ee\u4fe1\u606f\u3011\u7b2c\u56db\u6b65\uff08\u53ef\u9009\uff09", "object_id": "23", "change_message": "\u5df2\u4fee\u6539 description \u3002", "user": 11, "content_type": 75}, "model": "admin.logentry", "pk": 1037}, {"fields": {"action_flag": 1, "action_time": "2015-06-29T21:02:51", "object_repr": " \u52a0\u73ed\u7533\u8bf7", "object_id": "57", "change_message": "", "user": 11, "content_type": 27}, "model": "admin.logentry", "pk": 1038}, {"fields": {"action_flag": 1, "action_time": "2015-06-29T21:03:37", "object_repr": " \u8c03\u4f11\u7533\u8bf7", "object_id": "58", "change_message": "", "user": 11, "content_type": 27}, "model": "admin.logentry", "pk": 1039}, {"fields": {"action_flag": 2, "action_time": "2015-06-29T21:03:55", "object_repr": "IT00058 \u8c03\u4f11\u7533\u8bf7", "object_id": "58", "change_message": "\u5df2\u4fee\u6539 tp \u3002", "user": 11, "content_type": 27}, "model": "admin.logentry", "pk": 1040}, {"fields": {"action_flag": 1, "action_time": "2015-06-29T21:06:13", "object_repr": " \u4f11\u5047\u7533\u8bf7", "object_id": "59", "change_message": "", "user": 11, "content_type": 27}, "model": "admin.logentry", "pk": 1041}, {"fields": {"action_flag": 2, "action_time": "2015-06-29T21:07:24", "object_repr": "IT00058 \u8c03\u4f11\u7533\u8bf7", "object_id": "58", "change_message": "\u5df2\u4fee\u6539 spec \u548c warehouse \u3002", "user": 11, "content_type": 27}, "model": "admin.logentry", "pk": 1042}, {"fields": {"action_flag": 2, "action_time": "2015-06-29T21:09:02", "object_repr": "IT00057 \u52a0\u73ed\u7533\u8bf7", "object_id": "57", "change_message": "\u5df2\u4fee\u6539 spec \u3002", "user": 11, "content_type": 27}, "model": "admin.logentry", "pk": 1043}, {"fields": {"action_flag": 1, "action_time": "2015-06-29T21:13:47", "object_repr": " \u5165\u804c\u529e\u7406", "object_id": "60", "change_message": "", "user": 11, "content_type": 27}, "model": "admin.logentry", "pk": 1044}, {"fields": {"action_flag": 2, "action_time": "2015-06-29T21:15:17", "object_repr": "IT00003 \u7528\u8f66\u7533\u8bf7", "object_id": "3", "change_message": "\u5df2\u53d8\u66f4 name \u548c data_type for \u6269\u5c55\u53c2\u6570 \"\u8d77\u59cb\u91cc\u7a0b\". \u5df2\u53d8\u66f4 name \u548c data_type for \u6269\u5c55\u53c2\u6570 \"\u7ed3\u675f\u91cc\u7a0b\". \u5df2\u53d8\u66f4 name for \u6269\u5c55\u53c2\u6570 \"\u6240\u7528\u91cc\u7a0b\". \u5df2\u53d8\u66f4 name for \u6269\u5c55\u53c2\u6570 \"\u76ee\u7684\u5730\".", "user": 11, "content_type": 27}, "model": "admin.logentry", "pk": 1045}, {"fields": {"action_flag": 2, "action_time": "2015-06-29T21:16:00", "object_repr": "IT00003 \u7528\u8f66\u7533\u8bf7", "object_id": "3", "change_message": "\u5df2\u4fee\u6539 spec \u3002", "user": 11, "content_type": 27}, "model": "admin.logentry", "pk": 1046}, {"fields": {"action_flag": 2, "action_time": "2015-06-29T21:16:37", "object_repr": "IT00057 \u52a0\u73ed\u7533\u8bf7", "object_id": "57", "change_message": "\u5df2\u4fee\u6539 is_virtual \u3002", "user": 11, "content_type": 27}, "model": "admin.logentry", "pk": 1047}, {"fields": {"action_flag": 2, "action_time": "2015-06-29T21:16:46", "object_repr": "IT00058 \u8c03\u4f11\u7533\u8bf7", "object_id": "58", "change_message": "\u5df2\u4fee\u6539 can_sale \u548c is_virtual \u3002", "user": 11, "content_type": 27}, "model": "admin.logentry", "pk": 1048}, {"fields": {"action_flag": 2, "action_time": "2015-06-29T21:16:56", "object_repr": "IT00059 \u4f11\u5047\u7533\u8bf7", "object_id": "59", "change_message": "\u5df2\u4fee\u6539 can_sale \u548c is_virtual \u3002", "user": 11, "content_type": 27}, "model": "admin.logentry", "pk": 1049}, {"fields": {"action_flag": 2, "action_time": "2015-06-29T21:17:15", "object_repr": "IT00060 \u5165\u804c\u529e\u7406", "object_id": "60", "change_message": "\u5df2\u4fee\u6539 is_virtual \u3002", "user": 11, "content_type": 27}, "model": "admin.logentry", "pk": 1050}, {"fields": {"action_flag": 2, "action_time": "2015-06-29T21:18:44", "object_repr": "IT00001 \u51fa\u5dee\u7533\u8bf7", "object_id": "1", "change_message": "\u5df2\u4fee\u6539 spec \u3002", "user": 11, "content_type": 27}, "model": "admin.logentry", "pk": 1051}, {"fields": {"action_flag": 1, "action_time": "2015-06-29T21:22:36", "object_repr": " \u7528\u5370\u7533\u8bf7", "object_id": "61", "change_message": "", "user": 11, "content_type": 27}, "model": "admin.logentry", "pk": 1052}, {"fields": {"action_flag": 2, "action_time": "2015-06-29T21:23:43", "object_repr": "IT00003 \u7528\u8f66\u7533\u8bf7", "object_id": "3", "change_message": "\u5df2\u4fee\u6539 spec \u3002", "user": 11, "content_type": 27}, "model": "admin.logentry", "pk": 1053}, {"fields": {"action_flag": 2, "action_time": "2015-06-29T21:27:04", "object_repr": "IT00060 \u5165\u804c\u529e\u7406", "object_id": "60", "change_message": "\u5df2\u6dfb\u52a0 \u6269\u5c55\u53c2\u6570 \"ERP\u7cfb\u7edf/\u5e10\u53f7\". \u5df2\u6dfb\u52a0 \u6269\u5c55\u53c2\u6570 \"\u90ae\u7bb1\u5f00\u901a/\u90ae\u7bb1\u5730\u5740\". \u5df2\u53d8\u66f4 name for \u6269\u5c55\u53c2\u6570 \"\u5458\u5de5\u624b\u518c/\u4fdd\u5bc6\u57f9\u8bad\".", "user": 11, "content_type": 27}, "model": "admin.logentry", "pk": 1054}, {"fields": {"action_flag": 1, "action_time": "2015-06-29T21:33:14", "object_repr": " \u6536\u5165\u8bc1\u660e\u5f00\u5177", "object_id": "62", "change_message": "", "user": 11, "content_type": 27}, "model": "admin.logentry", "pk": 1055}, {"fields": {"action_flag": 1, "action_time": "2015-06-29T21:38:11", "object_repr": " \u5458\u5de5\u79bb\u804c", "object_id": "63", "change_message": "", "user": 11, "content_type": 27}, "model": "admin.logentry", "pk": 1056}, {"fields": {"action_flag": 2, "action_time": "2015-06-29T21:39:13", "object_repr": "IT00006 F2-H03 \u7f57\u6d6e\u5385", "object_id": "6", "change_message": "\u5df2\u4fee\u6539 spec \u3002", "user": 11, "content_type": 27}, "model": "admin.logentry", "pk": 1057}, {"fields": {"action_flag": 2, "action_time": "2015-06-29T21:40:04", "object_repr": "IT00006 2\u53f7\u697c3\u697c\u5927\u4f1a\u8bae\u5ba4", "object_id": "6", "change_message": "\u5df2\u4fee\u6539 name \u3002", "user": 11, "content_type": 27}, "model": "admin.logentry", "pk": 1058}, {"fields": {"action_flag": 2, "action_time": "2015-06-29T21:42:10", "object_repr": "IT00062 \u6536\u5165\u8bc1\u660e", "object_id": "62", "change_message": "\u5df2\u4fee\u6539 name \u3002", "user": 11, "content_type": 27}, "model": "admin.logentry", "pk": 1059}, {"fields": {"action_flag": 2, "action_time": "2015-06-29T21:42:26", "object_repr": "IT00062 \u6536\u5165\u8bc1\u660e", "object_id": "62", "change_message": "\u5df2\u4fee\u6539 spec \u3002", "user": 11, "content_type": 27}, "model": "admin.logentry", "pk": 1060}, {"fields": {"action_flag": 3, "action_time": "2015-06-29T22:00:18", "object_repr": " ", "object_id": "18", "change_message": "", "user": 11, "content_type": 14}, "model": "admin.logentry", "pk": 1061}, {"fields": {"action_flag": 2, "action_time": "2015-06-29T22:01:03", "object_repr": "\u4e2d\u56fd\u8239\u8236\u91cd\u5de5\u4e1a\u96c6\u56e2", "object_id": "17", "change_message": "\u5df2\u4fee\u6539 name \u548c short \u3002", "user": 11, "content_type": 14}, "model": "admin.logentry", "pk": 1062}, {"fields": {"action_flag": 2, "action_time": "2015-06-29T22:02:04", "object_repr": "IT00061 \u7528\u5370\u7533\u8bf7", "object_id": "61", "change_message": "\u5df2\u4fee\u6539 spec \u3002", "user": 11, "content_type": 27}, "model": "admin.logentry", "pk": 1063}, {"fields": {"action_flag": 2, "action_time": "2015-06-30T20:07:48", "object_repr": "IT00063 \u79bb\u804c\u529e\u7406", "object_id": "63", "change_message": "\u5df2\u4fee\u6539 name \u3002", "user": 11, "content_type": 27}, "model": "admin.logentry", "pk": 1064}, {"fields": {"action_flag": 1, "action_time": "2015-06-30T20:09:12", "object_repr": " \u57f9\u8bad\u7533\u8bf7", "object_id": "64", "change_message": "", "user": 11, "content_type": 27}, "model": "admin.logentry", "pk": 1065}, {"fields": {"action_flag": 1, "action_time": "2015-06-30T20:22:27", "object_repr": "\u4eac\u4e1c\u5546\u57ce", "object_id": "18", "change_message": "", "user": 11, "content_type": 14}, "model": "admin.logentry", "pk": 1066}, {"fields": {"action_flag": 1, "action_time": "2015-06-30T20:23:07", "object_repr": " \u91c7\u8d2d\u7269\u54c1", "object_id": "1", "change_message": "", "user": 11, "content_type": 59}, "model": "admin.logentry", "pk": 1067}, {"fields": {"action_flag": 2, "action_time": "2015-06-30T20:23:36", "object_repr": "CG00001 \u91c7\u8d2d\u7269\u54c1", "object_id": "1", "change_message": "\u5df2\u53d8\u66f4 price \u548c tax for \u91c7\u8d2d\u660e\u7ec6 \"POItem object\". \u5df2\u53d8\u66f4 measure\uff0cprice \u548c tax for \u91c7\u8d2d\u660e\u7ec6 \"POItem object\".", "user": 11, "content_type": 59}, "model": "admin.logentry", "pk": 1068}, {"fields": {"action_flag": 1, "action_time": "2015-07-01T05:58:07", "object_repr": "1", "object_id": "None", "change_message": "", "user": 11, "content_type": 63}, "model": "admin.logentry", "pk": 1069}, {"fields": {"action_flag": 1, "action_time": "2015-07-01T06:17:53", "object_repr": "2", "object_id": "2", "change_message": "", "user": 11, "content_type": 63}, "model": "admin.logentry", "pk": 1070}, {"fields": {"action_flag": 2, "action_time": "2015-07-01T06:18:24", "object_repr": "2", "object_id": "2", "change_message": "\u6ca1\u6709\u5b57\u6bb5\u88ab\u4fee\u6539\u3002", "user": 11, "content_type": 63}, "model": "admin.logentry", "pk": 1071}, {"fields": {"action_flag": 2, "action_time": "2015-07-01T06:29:17", "object_repr": "2", "object_id": "2", "change_message": "\u5df2\u4fee\u6539 description \u3002", "user": 11, "content_type": 63}, "model": "admin.logentry", "pk": 1072}, {"fields": {"action_flag": 2, "action_time": "2015-07-01T06:32:18", "object_repr": "2", "object_id": "2", "change_message": "\u5df2\u4fee\u6539 description \u3002", "user": 11, "content_type": 63}, "model": "admin.logentry", "pk": 1073}, {"fields": {"action_flag": 2, "action_time": "2015-07-01T06:34:14", "object_repr": "2", "object_id": "2", "change_message": "\u5df2\u4fee\u6539 description \u3002", "user": 11, "content_type": 63}, "model": "admin.logentry", "pk": 1074}, {"fields": {"action_flag": 2, "action_time": "2015-07-01T06:35:11", "object_repr": "2", "object_id": "2", "change_message": "\u5df2\u4fee\u6539 description \u3002", "user": 11, "content_type": 63}, "model": "admin.logentry", "pk": 1075}, {"fields": {"action_flag": 2, "action_time": "2015-07-01T06:35:55", "object_repr": "2", "object_id": "2", "change_message": "\u5df2\u4fee\u6539 description \u3002", "user": 11, "content_type": 63}, "model": "admin.logentry", "pk": 1076}, {"fields": {"action_flag": 2, "action_time": "2015-07-01T06:37:00", "object_repr": "2", "object_id": "2", "change_message": "\u5df2\u4fee\u6539 description \u3002", "user": 11, "content_type": 63}, "model": "admin.logentry", "pk": 1077}, {"fields": {"action_flag": 1, "action_time": "2015-07-01T06:37:21", "object_repr": "123", "object_id": "3", "change_message": "", "user": 11, "content_type": 63}, "model": "admin.logentry", "pk": 1078}, {"fields": {"action_flag": 1, "action_time": "2015-07-01T06:46:22", "object_repr": "\u9879\u76ee\u5ba1\u6279\u6d41\u7a0b", "object_id": "2", "change_message": "", "user": 11, "content_type": 34}, "model": "admin.logentry", "pk": 1079}, {"fields": {"action_flag": 2, "action_time": "2015-07-02T05:04:19", "object_repr": "\u5f20\u4e09", "object_id": "1", "change_message": "\u5df2\u4fee\u6539 code\uff0cgender \u548c rank \u3002", "user": 11, "content_type": 30}, "model": "admin.logentry", "pk": 1080}, {"fields": {"action_flag": 1, "action_time": "2015-07-02T05:16:59", "object_repr": "zhangsan", "object_id": "13", "change_message": "", "user": 11, "content_type": 4}, "model": "admin.logentry", "pk": 1081}, {"fields": {"action_flag": 1, "action_time": "2015-07-02T05:17:08", "object_repr": "lisi", "object_id": "14", "change_message": "", "user": 11, "content_type": 4}, "model": "admin.logentry", "pk": 1082}, {"fields": {"action_flag": 1, "action_time": "2015-07-02T05:17:21", "object_repr": "wangwu", "object_id": "15", "change_message": "", "user": 11, "content_type": 4}, "model": "admin.logentry", "pk": 1083}, {"fields": {"action_flag": 1, "action_time": "2015-07-02T05:17:32", "object_repr": "dongyong", "object_id": "16", "change_message": "", "user": 11, "content_type": 4}, "model": "admin.logentry", "pk": 1084}, {"fields": {"action_flag": 2, "action_time": "2015-07-02T05:18:01", "object_repr": "dongyong", "object_id": "16", "change_message": "\u5df2\u4fee\u6539 first_name \u548c groups \u3002", "user": 11, "content_type": 4}, "model": "admin.logentry", "pk": 1085}, {"fields": {"action_flag": 2, "action_time": "2015-07-02T05:18:14", "object_repr": "lisi", "object_id": "14", "change_message": "\u5df2\u4fee\u6539 first_name \u548c groups \u3002", "user": 11, "content_type": 4}, "model": "admin.logentry", "pk": 1086}, {"fields": {"action_flag": 2, "action_time": "2015-07-02T05:18:32", "object_repr": "wangwu", "object_id": "15", "change_message": "\u5df2\u4fee\u6539 first_name \u548c groups \u3002", "user": 11, "content_type": 4}, "model": "admin.logentry", "pk": 1087}, {"fields": {"action_flag": 2, "action_time": "2015-07-02T05:18:47", "object_repr": "zhangsan", "object_id": "13", "change_message": "\u5df2\u4fee\u6539 first_name \u548c groups \u3002", "user": 11, "content_type": 4}, "model": "admin.logentry", "pk": 1088}, {"fields": {"action_flag": 2, "action_time": "2015-07-02T05:19:41", "object_repr": "dongyong", "object_id": "16", "change_message": "\u5df2\u4fee\u6539 is_staff \u3002", "user": 11, "content_type": 4}, "model": "admin.logentry", "pk": 1089}, {"fields": {"action_flag": 2, "action_time": "2015-07-02T05:19:48", "object_repr": "lisi", "object_id": "14", "change_message": "\u5df2\u4fee\u6539 is_staff \u3002", "user": 11, "content_type": 4}, "model": "admin.logentry", "pk": 1090}, {"fields": {"action_flag": 2, "action_time": "2015-07-02T05:19:54", "object_repr": "wangwu", "object_id": "15", "change_message": "\u5df2\u4fee\u6539 is_staff \u3002", "user": 11, "content_type": 4}, "model": "admin.logentry", "pk": 1091}, {"fields": {"action_flag": 2, "action_time": "2015-07-02T05:20:01", "object_repr": "zhangsan", "object_id": "13", "change_message": "\u5df2\u4fee\u6539 is_staff \u3002", "user": 11, "content_type": 4}, "model": "admin.logentry", "pk": 1092}, {"fields": {"action_flag": 1, "action_time": "2015-07-02T05:22:26", "object_repr": "\u5f20\u4e09", "object_id": "2", "change_message": "", "user": 11, "content_type": 30}, "model": "admin.logentry", "pk": 1093}, {"fields": {"action_flag": 2, "action_time": "2015-07-02T05:23:53", "object_repr": "\u5f20\u4e09", "object_id": "2", "change_message": "\u5df2\u4fee\u6539 birthday \u548c user \u3002", "user": 11, "content_type": 30}, "model": "admin.logentry", "pk": 1094}, {"fields": {"action_flag": 2, "action_time": "2015-07-02T05:24:41", "object_repr": "\u674e\u56db", "object_id": "1", "change_message": "\u5df2\u4fee\u6539 name\uff0cpinyin\uff0cgender \u548c user \u3002", "user": 11, "content_type": 30}, "model": "admin.logentry", "pk": 1095}, {"fields": {"action_flag": 2, "action_time": "2015-07-02T05:25:23", "object_repr": "\u5f20\u4e09", "object_id": "2", "change_message": "\u5df2\u4fee\u6539 workday \u548c startday \u3002", "user": 11, "content_type": 30}, "model": "admin.logentry", "pk": 1096}, {"fields": {"action_flag": 1, "action_time": "2015-07-02T05:27:10", "object_repr": "\u738b\u4e94", "object_id": "3", "change_message": "", "user": 11, "content_type": 30}, "model": "admin.logentry", "pk": 1097}, {"fields": {"action_flag": 1, "action_time": "2015-07-02T05:28:44", "object_repr": "\u8463\u6c38", "object_id": "4", "change_message": "", "user": 11, "content_type": 30}, "model": "admin.logentry", "pk": 1098}, {"fields": {"action_flag": 2, "action_time": "2015-07-02T05:44:31", "object_repr": "N01-\u5546\u52a1\u4e3b\u7ba1\u5ba1\u6279", "object_id": "5", "change_message": "\u5df2\u4fee\u6539 next_user_handler \u3002", "user": 11, "content_type": 35}, "model": "admin.logentry", "pk": 1099}, {"fields": {"action_flag": 2, "action_time": "2015-07-02T06:07:37", "object_repr": "1004 \u8463\u6c38", "object_id": "4", "change_message": "\u5df2\u4fee\u6539 user \u3002", "user": 11, "content_type": 30}, "model": "admin.logentry", "pk": 1100}, {"fields": {"action_flag": 2, "action_time": "2015-07-02T06:18:45", "object_repr": "N01-\u5546\u52a1\u4e3b\u7ba1\u5ba1\u6279", "object_id": "5", "change_message": "\u5df2\u4fee\u6539 status_field \u548c status_value \u3002", "user": 11, "content_type": 35}, "model": "admin.logentry", "pk": 1101}, {"fields": {"action_flag": 2, "action_time": "2015-07-02T06:19:06", "object_repr": "N02-\u8d22\u52a1\u7ecf\u7406\u5ba1\u6279", "object_id": "6", "change_message": "\u5df2\u4fee\u6539 next_user_handler\uff0cstatus_field \u548c status_value \u3002", "user": 11, "content_type": 35}, "model": "admin.logentry", "pk": 1102}, {"fields": {"action_flag": 2, "action_time": "2015-07-02T06:19:27", "object_repr": "N03-\u603b\u7ecf\u7406\u5ba1\u6279", "object_id": "7", "change_message": "\u5df2\u4fee\u6539 handler_type \u548c positions \u3002", "user": 11, "content_type": 35}, "model": "admin.logentry", "pk": 1103}, {"fields": {"action_flag": 2, "action_time": "2015-07-02T20:50:47", "object_repr": "N01-\u5546\u52a1\u4e3b\u7ba1\u5ba1\u6279", "object_id": "5", "change_message": "\u5df2\u4fee\u6539 next \u3002", "user": 11, "content_type": 35}, "model": "admin.logentry", "pk": 1104}, {"fields": {"action_flag": 2, "action_time": "2015-07-02T20:58:30", "object_repr": "N01-\u5546\u52a1\u4e3b\u7ba1\u5ba1\u6279", "object_id": "5", "change_message": "\u5df2\u4fee\u6539 next \u3002", "user": 11, "content_type": 35}, "model": "admin.logentry", "pk": 1105}, {"fields": {"action_flag": 2, "action_time": "2015-07-02T21:43:08", "object_repr": "N01-\u5546\u52a1\u4e3b\u7ba1\u5ba1\u6279", "object_id": "5", "change_message": "\u5df2\u4fee\u6539 can_edit \u3002", "user": 11, "content_type": 35}, "model": "admin.logentry", "pk": 1106}, {"fields": {"action_flag": 2, "action_time": "2015-07-02T21:50:00", "object_repr": "N01-\u5546\u52a1\u4e3b\u7ba1\u5ba1\u6279", "object_id": "5", "change_message": "\u5df2\u4fee\u6539 can_edit \u3002", "user": 11, "content_type": 35}, "model": "admin.logentry", "pk": 1107}, {"fields": {"action_flag": 2, "action_time": "2015-07-02T21:51:23", "object_repr": "N01-\u5546\u52a1\u4e3b\u7ba1\u5ba1\u6279", "object_id": "5", "change_message": "\u5df2\u4fee\u6539 can_edit \u3002", "user": 11, "content_type": 35}, "model": "admin.logentry", "pk": 1108}, {"fields": {"action_flag": 2, "action_time": "2015-07-03T05:46:47", "object_repr": "N02-\u8d22\u52a1\u7ecf\u7406\u5ba1\u6279", "object_id": "6", "change_message": "\u5df2\u4fee\u6539 action \u3002", "user": 11, "content_type": 35}, "model": "admin.logentry", "pk": 1109}, {"fields": {"action_flag": 2, "action_time": "2015-07-03T06:19:36", "object_repr": "\u5185\u90e8\u8fd0\u8425\u9879\u76ee", "object_id": "7", "change_message": "\u5df2\u4fee\u6539 budget \u3002", "user": 11, "content_type": 19}, "model": "admin.logentry", "pk": 1110}, {"fields": {"action_flag": 2, "action_time": "2015-07-03T06:24:43", "object_repr": "N01-\u5546\u52a1\u4e3b\u7ba1\u5ba1\u6279", "object_id": "5", "change_message": "\u5df2\u4fee\u6539 next_node_handler \u3002", "user": 11, "content_type": 35}, "model": "admin.logentry", "pk": 1111}, {"fields": {"action_flag": 1, "action_time": "2015-07-03T21:28:30", "object_repr": "\u3010\u4f7f\u7528\u624b\u518c\u3011-\u529f\u80fd\u6982\u8ff0", "object_id": "9", "change_message": "", "user": 11, "content_type": 76}, "model": "admin.logentry", "pk": 1112}, {"fields": {"action_flag": 1, "action_time": "2015-07-03T21:28:58", "object_repr": "\u3010\u4f7f\u7528\u624b\u518c\u3011-\u57fa\u672c\u64cd\u4f5c", "object_id": "10", "change_message": "", "user": 11, "content_type": 76}, "model": "admin.logentry", "pk": 1113}, {"fields": {"action_flag": 1, "action_time": "2015-07-03T21:29:29", "object_repr": "\u3010\u4f7f\u7528\u624b\u518c\u3011-\u4e2a\u4eba\u81ea\u52a9", "object_id": "11", "change_message": "", "user": 11, "content_type": 76}, "model": "admin.logentry", "pk": 1114}, {"fields": {"action_flag": 1, "action_time": "2015-07-03T21:29:58", "object_repr": "\u3010\u4f7f\u7528\u624b\u518c\u3011-\u9500\u552e\u7ba1\u7406", "object_id": "12", "change_message": "", "user": 11, "content_type": 76}, "model": "admin.logentry", "pk": 1115}, {"fields": {"action_flag": 1, "action_time": "2015-07-03T21:30:39", "object_repr": "\u3010\u4f7f\u7528\u624b\u518c\u3011-\u91c7\u8d2d\u7ba1\u7406", "object_id": "13", "change_message": "", "user": 11, "content_type": 76}, "model": "admin.logentry", "pk": 1116}, {"fields": {"action_flag": 1, "action_time": "2015-07-03T21:31:19", "object_repr": "\u3010\u4f7f\u7528\u624b\u518c\u3011-\u5e93\u5b58\u7ba1\u7406", "object_id": "14", "change_message": "", "user": 11, "content_type": 76}, "model": "admin.logentry", "pk": 1117}, {"fields": {"action_flag": 1, "action_time": "2015-07-03T21:31:41", "object_repr": "\u3010\u4f7f\u7528\u624b\u518c\u3011-\u7ec4\u7ec7\u673a\u6784", "object_id": "15", "change_message": "", "user": 11, "content_type": 76}, "model": "admin.logentry", "pk": 1118}, {"fields": {"action_flag": 1, "action_time": "2015-07-03T21:32:03", "object_repr": "\u3010\u4f7f\u7528\u624b\u518c\u3011-\u57fa\u7840\u6570\u636e", "object_id": "16", "change_message": "", "user": 11, "content_type": 76}, "model": "admin.logentry", "pk": 1119}, {"fields": {"action_flag": 1, "action_time": "2015-07-03T21:32:26", "object_repr": "\u3010\u4f7f\u7528\u624b\u518c\u3011-\u5de5\u4f5c\u6d41\u7ba1\u7406", "object_id": "17", "change_message": "", "user": 11, "content_type": 76}, "model": "admin.logentry", "pk": 1120}, {"fields": {"action_flag": 1, "action_time": "2015-07-04T10:56:34", "object_repr": "-\u7533\u8bf7\u91c7\u8d2d\u529e\u516c\u7528\u54c1\u4e00\u6279", "object_id": "1", "change_message": "", "user": 13, "content_type": 40}, "model": "admin.logentry", "pk": 1121}, {"fields": {"action_flag": 1, "action_time": "2015-07-04T11:06:00", "object_repr": "\u4e2d\u6d77\u6d0b\u8239\u8236\u5de5\u4e1a\u96c6\u56e2\u5f20\u6c5f\u5de5\u4e1a\u56ed\u914d\u7535\u67dc\u9879\u76ee", "object_id": "9", "change_message": "", "user": 13, "content_type": 19}, "model": "admin.logentry", "pk": 1122}, {"fields": {"action_flag": 1, "action_time": "2015-07-04T11:58:58", "object_repr": "-\u51fa\u5dee\u7533\u8bf7\uff08\u91cd\u5e86\uff09", "object_id": "2", "change_message": "", "user": 13, "content_type": 40}, "model": "admin.logentry", "pk": 1123}, {"fields": {"action_flag": 1, "action_time": "2015-07-04T12:15:27", "object_repr": "-\u7528\u8f66\u7533\u8bf7\uff08\u5f20\u6c5f\uff09", "object_id": "3", "change_message": "", "user": 13, "content_type": 40}, "model": "admin.logentry", "pk": 1124}, {"fields": {"action_flag": 1, "action_time": "2015-07-04T12:18:14", "object_repr": "-\u7528\u8f66\u7533\u8bf7\uff08\u5f20\u6c5f\uff09", "object_id": "4", "change_message": "", "user": 13, "content_type": 40}, "model": "admin.logentry", "pk": 1125}, {"fields": {"action_flag": 2, "action_time": "2015-07-04T12:20:21", "object_repr": "WO00003-\u7528\u8f66\u7533\u8bf7\uff08\u5f20\u6c5f\uff09", "object_id": "3", "change_message": "\u5df2\u4fee\u6539 classification \u3002", "user": 13, "content_type": 40}, "model": "admin.logentry", "pk": 1126}, {"fields": {"action_flag": 1, "action_time": "2015-07-04T13:36:53", "object_repr": " \u5f20\u4e09 2015\u5e743\u6708\u4efd\u884c\u653f\u90e8\u5907\u7528\u91d1 J:3000.00 Y:3000.00", "object_id": "1", "change_message": "", "user": 13, "content_type": 43}, "model": "admin.logentry", "pk": 1127}, {"fields": {"action_flag": 1, "action_time": "2015-07-04T13:38:14", "object_repr": "15\u5e743\u6708\u4efd\u884c\u653f\u90e8\u8d39\u7528\u62a5\u9500", "object_id": "1", "change_message": "", "user": 13, "content_type": 44}, "model": "admin.logentry", "pk": 1128}, {"fields": {"action_flag": 2, "action_time": "2015-07-04T13:39:34", "object_repr": "15\u5e743\u6708\u4efd\u884c\u653f\u90e8\u8d39\u7528\u62a5\u9500", "object_id": "1", "change_message": "\u5df2\u6dfb\u52a0 \u8d39\u7528\u660e\u7ec6 \"ReimbursementItem object\". \u5df2\u6dfb\u52a0 \u8d39\u7528\u660e\u7ec6 \"ReimbursementItem object\".", "user": 13, "content_type": 44}, "model": "admin.logentry", "pk": 1129}, {"fields": {"action_flag": 2, "action_time": "2015-07-04T13:39:59", "object_repr": "15\u5e743\u6708\u4efd\u884c\u653f\u90e8\u8d39\u7528\u62a5\u9500", "object_id": "1", "change_message": "\u5df2\u4fee\u6539 description \u3002", "user": 13, "content_type": 44}, "model": "admin.logentry", "pk": 1130}, {"fields": {"action_flag": 2, "action_time": "2015-07-04T15:18:13", "object_repr": "WO00003-\u7528\u8f66\u7533\u8bf7\uff08\u5f20\u6c5f\uff09", "object_id": "3", "change_message": "\u5df2\u4fee\u6539 classification \u3002", "user": 13, "content_type": 40}, "model": "admin.logentry", "pk": 1131}, {"fields": {"action_flag": 2, "action_time": "2015-07-04T15:19:05", "object_repr": "WO00003-2\u53f7\u697c3\u697c\u7537\u5395\u6240\u5c0f\u4fbf\u6c60\u5835\u585e", "object_id": "3", "change_message": "\u5df2\u4fee\u6539 title \u548c description \u3002", "user": 13, "content_type": 40}, "model": "admin.logentry", "pk": 1132}, {"fields": {"action_flag": 2, "action_time": "2015-07-04T18:15:02", "object_repr": "WO00001-\u7533\u8bf7\u91c7\u8d2d\u529e\u516c\u7528\u54c1\u4e00\u6279", "object_id": "1", "change_message": "\u5df2\u4fee\u6539 description \u3002", "user": 13, "content_type": 40}, "model": "admin.logentry", "pk": 1133}, {"fields": {"action_flag": 2, "action_time": "2015-07-04T18:21:01", "object_repr": "WO00001-\u7533\u8bf7\u91c7\u8d2d\u529e\u516c\u7528\u54c1\u4e00\u6279", "object_id": "1", "change_message": "\u5df2\u4fee\u6539 service \u3002", "user": 13, "content_type": 40}, "model": "admin.logentry", "pk": 1134}, {"fields": {"action_flag": 1, "action_time": "2015-07-07T21:09:47", "object_repr": "123", "object_id": "1", "change_message": "", "user": 11, "content_type": 69}, "model": "admin.logentry", "pk": 1135}, {"fields": {"action_flag": 2, "action_time": "2015-07-07T21:10:14", "object_repr": "123", "object_id": "1", "change_message": "\u5df2\u53d8\u66f4 measure \u548c sale_price for \u62a5\u4ef7\u660e\u7ec6 \"OfferItem object\". \u5df2\u53d8\u66f4 measure for \u62a5\u4ef7\u660e\u7ec6 \"OfferItem object\". \u5df2\u53d8\u66f4 measure for \u62a5\u4ef7\u660e\u7ec6 \"OfferItem object\".", "user": 11, "content_type": 69}, "model": "admin.logentry", "pk": 1136}, {"fields": {"action_flag": 2, "action_time": "2015-07-15T12:04:06", "object_repr": "\u3010\u4e0a\u7ebf\u51c6\u5907\u3011-\u3010\u90e8\u95e8|\u5c97\u4f4d|\u5458\u5de5\u3011\u7b2c\u4e00\u6b65", "object_id": "20", "change_message": "\u5df2\u4fee\u6539 attach \u3002", "user": 11, "content_type": 75}, "model": "admin.logentry", "pk": 1137}, {"fields": {"action_flag": 2, "action_time": "2015-07-15T12:10:58", "object_repr": "\u3010\u4e0a\u7ebf\u51c6\u5907\u3011-\u3010\u90e8\u95e8|\u5c97\u4f4d|\u5458\u5de5\u3011\u7b2c\u4e00\u6b65", "object_id": "20", "change_message": "\u5df2\u4fee\u6539 attach \u3002", "user": 11, "content_type": 75}, "model": "admin.logentry", "pk": 1138}, {"fields": {"action_flag": 1, "action_time": "2015-07-15T12:36:18", "object_repr": "11", "object_id": "1", "change_message": "", "user": 11, "content_type": 54}, "model": "admin.logentry", "pk": 1139}, {"fields": {"action_flag": 2, "action_time": "2015-07-15T12:36:39", "object_repr": "11", "object_id": "1", "change_message": "\u5df2\u53d8\u66f4 inventory for \u51fa\u5e93\u660e\u7ec6 \"OutItem object\".", "user": 11, "content_type": 54}, "model": "admin.logentry", "pk": 1140}, {"fields": {"action_flag": 2, "action_time": "2015-07-15T12:39:11", "object_repr": "\u4f1a\u8bae\u63a5\u5f85\u9886\u7528\u6c34\u679c", "object_id": "1", "change_message": "\u5df2\u4fee\u6539 title \u3002 \u5df2\u53d8\u66f4 cnt for \u51fa\u5e93\u660e\u7ec6 \"OutItem object\".", "user": 11, "content_type": 54}, "model": "admin.logentry", "pk": 1141}, {"fields": {"action_flag": 1, "action_time": "2015-07-17T12:07:05", "object_repr": "\u4e00\u6279\u7269\u8d44\u5165\u5e93", "object_id": "1", "change_message": "", "user": 11, "content_type": 53}, "model": "admin.logentry", "pk": 1142}, {"fields": {"action_flag": 2, "action_time": "2015-07-17T12:07:23", "object_repr": "\u4e00\u6279\u529e\u516c\u7269\u8d44\u5165\u5e93", "object_id": "1", "change_message": "\u5df2\u4fee\u6539 title \u3002", "user": 11, "content_type": 53}, "model": "admin.logentry", "pk": 1143}, {"fields": {"action_flag": 1, "action_time": "2015-07-17T12:09:39", "object_repr": "\u8c03\u6574\u4e00\u6279\u7269\u8d44\u5e93\u5b58", "object_id": "2", "change_message": "", "user": 11, "content_type": 73}, "model": "admin.logentry", "pk": 1144}, {"fields": {"action_flag": 1, "action_time": "2015-07-17T12:12:39", "object_repr": "\u5f52\u8fd8\u7269\u8d44", "object_id": "1", "change_message": "", "user": 11, "content_type": 71}, "model": "admin.logentry", "pk": 1145}, {"fields": {"action_flag": 2, "action_time": "2015-07-17T12:14:55", "object_repr": "\u5f52\u8fd8\u7269\u8d44", "object_id": "1", "change_message": "\u5df2\u53d8\u66f4 cnt for \u8fd4\u5e93\u660e\u7ec6 \"ReturnItem object\".", "user": 11, "content_type": 71}, "model": "admin.logentry", "pk": 1146}, {"fields": {"action_flag": 2, "action_time": "2015-07-17T12:16:36", "object_repr": "\u4e0a\u6d77\u67d0\u96c6\u56e2\u6709\u9650\u516c\u53f8", "object_id": "1", "change_message": "\u5df2\u4fee\u6539 name \u3002", "user": 11, "content_type": 16}, "model": "admin.logentry", "pk": 1147}, {"fields": {"action_flag": 1, "action_time": "2016-12-12T18:17:41", "object_repr": "12 laozi 100", "object_id": "1", "change_message": "", "user": 18, "content_type": 66}, "model": "admin.logentry", "pk": 1148}, {"fields": {"action_flag": 1, "action_time": "2016-12-12T18:19:14", "object_repr": "\u5218\u6b22", "object_id": "3", "change_message": "", "user": 18, "content_type": 34}, "model": "admin.logentry", "pk": 1149}, {"fields": {"action_flag": 1, "action_time": "2016-12-12T18:21:40", "object_repr": "\u5218\u6b22", "object_id": "1", "change_message": "", "user": 18, "content_type": 47}, "model": "admin.logentry", "pk": 1150}, {"fields": {"action_flag": 1, "action_time": "2016-12-12T18:22:22", "object_repr": "\u6253\u5206", "object_id": "2", "change_message": "", "user": 18, "content_type": 47}, "model": "admin.logentry", "pk": 1151}]